{
  "IcoMoonType": "selection",
  "icons": [
    {
      "icon": {
        "paths": [
          "M490 42l406 214v86h-810v-86zM682 426h128v300h-128v-300zM86 938v-128h810v128h-810zM426 426h128v300h-128v-300zM170 426h128v300h-128v-300z"
        ],
        "attrs": [],
        "isMulticolor": false,
        "isMulticolor2": false,
        "tags": [
          "account_balance"
        ],
        "defaultCode": 59471,
        "grid": 24
      },
      "attrs": [],
      "properties": {
        "order": 3,
        "ligatures": "account_balance",
        "id": 7,
        "prevSize": 24,
        "name": "library",
        "code": 59471
      },
      "setIdx": 0,
      "setId": 2,
      "iconIdx": 7
    },
    {
      "icon": {
        "paths": [
          "M810 554h-256v256h-84v-256h-256v-84h256v-256h84v256h256v84z"
        ],
        "attrs": [],
        "isMulticolor": false,
        "isMulticolor2": false,
        "tags": [
          "add"
        ],
        "defaultCode": 57669,
        "grid": 24
      },
      "attrs": [],
      "properties": {
        "order": 38,
        "ligatures": "add",
        "id": 12,
        "prevSize": 24,
        "code": 57669,
        "name": "add"
      },
      "setIdx": 0,
      "setId": 2,
      "iconIdx": 12
    },
    {
      "icon": {
        "paths": [
          "M418 598c0-76 60-138 136-138s138 62 138 138-62 136-138 136-136-60-136-136zM554 810c118 0 214-94 214-212s-96-214-214-214-212 96-212 214 94 212 212 212zM256 426v-128h128v-128h298l78 86h136c46 0 86 40 86 86v512c0 46-40 84-86 84h-682c-46 0-86-38-86-84v-428h128zM128 170v-128h86v128h128v86h-128v128h-86v-128h-128v-86h128z"
        ],
        "attrs": [],
        "isMulticolor": false,
        "isMulticolor2": false,
        "tags": [
          "add_a_photo"
        ],
        "defaultCode": 58425,
        "grid": 24
      },
      "attrs": [],
      "properties": {
        "order": 104,
        "ligatures": "add_a_photo",
        "id": 13,
        "prevSize": 24,
        "code": 58425,
        "name": "photo_add"
      },
      "setIdx": 0,
      "setId": 2,
      "iconIdx": 13
    },
    {
      "icon": {
        "paths": [
          "M450 620l210-212 46 46-256 256-136-136 44-44zM512 854c166 0 298-134 298-300s-132-298-298-298-298 132-298 298 132 300 298 300zM512 170c212 0 384 172 384 384s-172 384-384 384-384-172-384-384 172-384 384-384zM336 144l-196 164-54-64 196-164zM938 244l-54 66-196-166 54-64z"
        ],
        "attrs": [],
        "isMulticolor": false,
        "isMulticolor2": false,
        "tags": [
          "alarm_on"
        ],
        "defaultCode": 59480,
        "grid": 24
      },
      "attrs": [],
      "properties": {
        "order": 56,
        "ligatures": "alarm_on",
        "id": 37,
        "prevSize": 24,
        "code": 59480,
        "name": "alarm"
      },
      "setIdx": 0,
      "setId": 2,
      "iconIdx": 37
    },
    {
      "icon": {
        "paths": [
          "M794 282c128 0 230 104 230 230s-102 230-230 230c-62 0-120-24-164-68l-54-48 64-56 50 42c30 30 66 44 104 44 80 0 144-64 144-144s-64-144-144-144c-38 0-74 14-102 42-60.266 53.067-120.945 105.722-180 160l-120 106c-42 42-100 66-162 66-128 0-230-104-230-230s102-230 230-230c62 0 120 24 164 68l54 48-66 56-48-42c-30-30-66-44-104-44-80 0-144 64-144 144s64 144 144 144c38 0 74-14 102-42 60.266-53.067 120.945-105.722 180-160l120-106c42-42 100-66 162-66z"
        ],
        "attrs": [],
        "isMulticolor": false,
        "isMulticolor2": false,
        "tags": [
          "all_inclusive"
        ],
        "defaultCode": 60221,
        "grid": 24
      },
      "attrs": [],
      "properties": {
        "order": 40,
        "ligatures": "all_inclusive",
        "id": 39,
        "prevSize": 24,
        "code": 60221,
        "name": "infinity"
      },
      "setIdx": 0,
      "setId": 2,
      "iconIdx": 39
    },
    {
      "icon": {
        "paths": [
          "M554 640v-86h-84v86h84zM554 470v-256h-84v256h84zM854 86c46 0 84 38 84 84v512c0 46-38 86-84 86h-598l-170 170v-768c0-46 38-84 84-84h684z"
        ],
        "attrs": [],
        "isMulticolor": false,
        "isMulticolor2": false,
        "tags": [
          "announcement"
        ],
        "defaultCode": 59482,
        "grid": 24
      },
      "attrs": [],
      "properties": {
        "order": 57,
        "ligatures": "announcement",
        "id": 42,
        "prevSize": 24,
        "code": 59482,
        "name": "announcement"
      },
      "setIdx": 0,
      "setId": 2,
      "iconIdx": 42
    },
    {
      "icon": {
        "paths": [
          "M682 854v-172h172v172h-172zM682 598v-172h172v172h-172zM426 342v-172h172v172h-172zM682 170h172v172h-172v-172zM426 598v-172h172v172h-172zM170 598v-172h172v172h-172zM170 854v-172h172v172h-172zM426 854v-172h172v172h-172zM170 342v-172h172v172h-172z"
        ],
        "attrs": [],
        "isMulticolor": false,
        "isMulticolor2": false,
        "tags": [
          "apps"
        ],
        "defaultCode": 58819,
        "grid": 24
      },
      "attrs": [],
      "properties": {
        "order": 4,
        "ligatures": "apps",
        "id": 43,
        "prevSize": 24,
        "name": "apps",
        "code": 58819
      },
      "setIdx": 0,
      "setId": 2,
      "iconIdx": 43
    },
    {
      "icon": {
        "paths": [
          "M504 466c96 26 200 64 200 186 0 88-66 136-150 152v92h-128v-92c-82-18-150-70-156-164h94c4 50 38 90 126 90 94 0 116-46 116-76 0-40-22-78-128-104-120-28-200-78-200-176 0-82 66-136 148-154v-92h128v94c90 22 136 88 138 162h-94c-2-54-32-90-108-90-72 0-114 34-114 80 0 40 32 66 128 92z"
        ],
        "attrs": [],
        "isMulticolor": false,
        "isMulticolor2": false,
        "tags": [
          "attach_money"
        ],
        "defaultCode": 57895,
        "grid": 24
      },
      "attrs": [],
      "properties": {
        "order": 92,
        "ligatures": "attach_money",
        "id": 64,
        "prevSize": 24,
        "code": 57895,
        "name": "money"
      },
      "setIdx": 0,
      "setId": 2,
      "iconIdx": 64
    },
    {
      "icon": {
        "paths": [
          "M800 330c34 52 54 116 54 182 0 188-154 342-342 342v128l-170-172 170-170v128c142 0 256-114 256-256 0-44-12-84-30-120zM512 256c-142 0-256 114-256 256 0 44 10 84 30 120l-62 62c-34-52-54-116-54-182 0-188 154-342 342-342v-128l170 172-170 170v-128z"
        ],
        "attrs": [],
        "isMulticolor": false,
        "isMulticolor2": false,
        "tags": [
          "autorenew"
        ],
        "defaultCode": 59491,
        "grid": 24
      },
      "attrs": [],
      "properties": {
        "order": 43,
        "ligatures": "autorenew",
        "id": 67,
        "prevSize": 24,
        "code": 59491,
        "name": "autorenew"
      },
      "setIdx": 0,
      "setId": 2,
      "iconIdx": 67
    },
    {
      "icon": {
        "paths": [
          "M256 512c0-24 18-42 42-42s44 18 44 42-20 42-44 42-42-18-42-42zM768 512c0 24-18 42-42 42s-44-18-44-42 20-42 44-42 42 18 42 42zM470 128h42c212 0 384 172 384 384s-172 384-384 384-384-172-384-384c0-126 60-236 154-306v-2l290 290-60 60-232-230c-42 52-66 116-66 188 0 166 132 298 298 298s298-132 298-298c0-150-112-276-256-296v82h-84v-170zM470 726c0-24 18-44 42-44s42 20 42 44-18 42-42 42-42-18-42-42z"
        ],
        "attrs": [],
        "isMulticolor": false,
        "isMulticolor2": false,
        "tags": [
          "av_timer"
        ],
        "defaultCode": 57371,
        "grid": 24
      },
      "attrs": [],
      "properties": {
        "order": 41,
        "ligatures": "av_timer",
        "id": 68,
        "prevSize": 24,
        "code": 57371,
        "name": "timer"
      },
      "setIdx": 0,
      "setId": 2,
      "iconIdx": 68
    },
    {
      "icon": {
        "paths": [
          "M512 854c188 0 342-154 342-342 0-78-26-152-72-210l-480 480c58 46 132 72 210 72zM170 512c0 78 26 152 72 210l480-480c-58-46-132-72-210-72-188 0-342 154-342 342zM512 86c236 0 426 190 426 426s-190 426-426 426-426-190-426-426 190-426 426-426z"
        ],
        "attrs": [],
        "isMulticolor": false,
        "isMulticolor2": false,
        "tags": [
          "block"
        ],
        "defaultCode": 57675,
        "grid": 24
      },
      "attrs": [],
      "properties": {
        "order": 143,
        "ligatures": "block",
        "id": 77,
        "prevSize": 24,
        "code": 57675,
        "name": "block"
      },
      "setIdx": 0,
      "setId": 2,
      "iconIdx": 77
    },
    {
      "icon": {
        "paths": [
          "M726 128c46 0 84 40 84 86v682l-298-128-298 128v-682c0-46 38-86 84-86h428z"
        ],
        "attrs": [],
        "isMulticolor": false,
        "isMulticolor2": false,
        "tags": [
          "turned_in"
        ],
        "defaultCode": 59622,
        "grid": 24
      },
      "attrs": [],
      "properties": {
        "order": 144,
        "ligatures": "bookmark, turned_in",
        "id": 87,
        "prevSize": 24,
        "code": 59622,
        "name": "turned_in"
      },
      "setIdx": 0,
      "setId": 2,
      "iconIdx": 87
    },
    {
      "icon": {
        "paths": [
          "M726 768v-554h-428v554l214-94zM726 128c46 0 84 40 84 86v682l-298-128-298 128v-682c0-46 38-86 84-86h428z"
        ],
        "attrs": [],
        "isMulticolor": false,
        "isMulticolor2": false,
        "tags": [
          "turned_in_not"
        ],
        "defaultCode": 59623,
        "grid": 24
      },
      "attrs": [],
      "properties": {
        "order": 145,
        "ligatures": "bookmark_border, turned_in_not",
        "id": 88,
        "prevSize": 24,
        "code": 59623,
        "name": "turned_in_not"
      },
      "setIdx": 0,
      "setId": 2,
      "iconIdx": 88
    },
    {
      "icon": {
        "paths": [
          "M282 460c62 120 162 220 282 282l94-94c12-12 30-16 44-10 48 16 100 24 152 24 24 0 42 18 42 42v150c0 24-18 42-42 42-400 0-726-326-726-726 0-24 18-42 42-42h150c24 0 42 18 42 42 0 54 8 104 24 152 4 14 2 32-10 44z"
        ],
        "attrs": [],
        "isMulticolor": false,
        "isMulticolor2": false,
        "tags": [
          "phone"
        ],
        "defaultCode": 57549,
        "grid": 24
      },
      "attrs": [],
      "properties": {
        "order": 142,
        "ligatures": "call, local_phone, phone",
        "id": 120,
        "prevSize": 24,
        "code": 57549,
        "name": "phone"
      },
      "setIdx": 0,
      "setId": 2,
      "iconIdx": 120
    },
    {
      "icon": {
        "paths": [
          "M704 384c36 0 64-28 64-64s-28-64-64-64-64 28-64 64 28 64 64 64zM704 768c36 0 64-28 64-64s-28-64-64-64-64 28-64 64 28 64 64 64zM512 576c36 0 64-28 64-64s-28-64-64-64-64 28-64 64 28 64 64 64zM320 384c36 0 64-28 64-64s-28-64-64-64-64 28-64 64 28 64 64 64zM320 768c36 0 64-28 64-64s-28-64-64-64-64 28-64 64 28 64 64 64zM810 128c46 0 86 40 86 86v596c0 46-40 86-86 86h-596c-46 0-86-40-86-86v-596c0-46 40-86 86-86h596z"
        ],
        "attrs": [],
        "isMulticolor": false,
        "isMulticolor2": false,
        "tags": [
          "casino"
        ],
        "defaultCode": 60224,
        "grid": 24
      },
      "attrs": [],
      "properties": {
        "order": 37,
        "ligatures": "casino",
        "id": 139,
        "prevSize": 24,
        "code": 60224,
        "name": "random"
      },
      "setIdx": 0,
      "setId": 2,
      "iconIdx": 139
    },
    {
      "icon": {
        "paths": [
          "M768 342v-86h-512v86h512zM598 598v-86h-342v86h342zM256 384v86h512v-86h-512zM854 86c46 0 84 38 84 84v512c0 46-38 86-84 86h-598l-170 170v-768c0-46 38-84 84-84h684z"
        ],
        "attrs": [],
        "isMulticolor": false,
        "isMulticolor2": false,
        "tags": [
          "chat"
        ],
        "defaultCode": 57527,
        "grid": 24
      },
      "attrs": [],
      "properties": {
        "order": 105,
        "ligatures": "chat",
        "id": 145,
        "prevSize": 24,
        "code": 57527,
        "name": "chat"
      },
      "setIdx": 0,
      "setId": 2,
      "iconIdx": 145
    },
    {
      "icon": {
        "paths": [
          "M854 86c46 0 84 38 84 84v512c0 46-38 86-84 86h-598l-170 170v-768c0-46 38-84 84-84h684z"
        ],
        "attrs": [],
        "isMulticolor": false,
        "isMulticolor2": false,
        "tags": [
          "chat_bubble"
        ],
        "defaultCode": 57546,
        "grid": 24
      },
      "attrs": [],
      "properties": {
        "order": 106,
        "ligatures": "chat_bubble",
        "id": 146,
        "prevSize": 24,
        "code": 57546,
        "name": "chat_bubble"
      },
      "setIdx": 0,
      "setId": 2,
      "iconIdx": 146
    },
    {
      "icon": {
        "paths": [
          "M854 682v-512h-684v598l86-86h598zM854 86c46 0 84 38 84 84v512c0 46-38 86-84 86h-598l-170 170v-768c0-46 38-84 84-84h684z"
        ],
        "attrs": [],
        "isMulticolor": false,
        "isMulticolor2": false,
        "tags": [
          "chat_bubble_outline"
        ],
        "defaultCode": 57547,
        "grid": 24
      },
      "attrs": [],
      "properties": {
        "order": 107,
        "ligatures": "chat_bubble_outline",
        "id": 147,
        "prevSize": 24,
        "code": 57547,
        "name": "chat_bubble_light"
      },
      "setIdx": 0,
      "setId": 2,
      "iconIdx": 147
    },
    {
      "icon": {
        "paths": [
          "M810 274l-238 238 238 238-60 60-238-238-238 238-60-60 238-238-238-238 60-60 238 238 238-238z"
        ],
        "attrs": [],
        "isMulticolor": false,
        "isMulticolor2": false,
        "tags": [
          "close"
        ],
        "defaultCode": 58829,
        "grid": 24
      },
      "attrs": [],
      "properties": {
        "order": 29,
        "ligatures": "clear, close",
        "id": 157,
        "prevSize": 24,
        "code": 58829,
        "name": "close"
      },
      "setIdx": 0,
      "setId": 2,
      "iconIdx": 157
    },
    {
      "icon": {
        "paths": [
          "M426 726l282-282-60-60-222 220-88-88-60 60zM826 428c110 8 198 100 198 212 0 118-96 214-214 214h-554c-142 0-256-114-256-256 0-132 100-240 228-254 54-102 160-174 284-174 156 0 284 110 314 258z"
        ],
        "attrs": [],
        "isMulticolor": false,
        "isMulticolor2": false,
        "tags": [
          "cloud_done"
        ],
        "defaultCode": 58047,
        "grid": 24
      },
      "attrs": [],
      "properties": {
        "order": 108,
        "ligatures": "cloud_done",
        "id": 162,
        "prevSize": 24,
        "code": 58047,
        "name": "cloud_done"
      },
      "setIdx": 0,
      "setId": 2,
      "iconIdx": 162
    },
    {
      "icon": {
        "paths": [
          "M726 554h-128v-170h-172v170h-128l214 214zM826 428c110 8 198 100 198 212 0 118-96 214-214 214h-554c-142 0-256-114-256-256 0-132 100-240 228-254 54-102 160-174 284-174 156 0 284 110 314 258z"
        ],
        "attrs": [],
        "isMulticolor": false,
        "isMulticolor2": false,
        "tags": [
          "cloud_download"
        ],
        "defaultCode": 58048,
        "grid": 24
      },
      "attrs": [],
      "properties": {
        "order": 109,
        "ligatures": "cloud_download",
        "id": 163,
        "prevSize": 24,
        "code": 58048,
        "name": "cloud_download"
      },
      "setIdx": 0,
      "setId": 2,
      "iconIdx": 163
    },
    {
      "icon": {
        "paths": [
          "M768 342v-86h-512v86h512zM768 470v-86h-512v86h512zM768 598v-86h-512v86h512zM938 170v768l-170-170h-598c-46 0-84-40-84-86v-512c0-46 38-84 84-84h684c46 0 84 38 84 84z"
        ],
        "attrs": [],
        "isMulticolor": false,
        "isMulticolor2": false,
        "tags": [
          "comment"
        ],
        "defaultCode": 57529,
        "grid": 24
      },
      "attrs": [],
      "properties": {
        "order": 110,
        "ligatures": "comment",
        "id": 171,
        "prevSize": 24,
        "code": 57529,
        "name": "comment"
      },
      "setIdx": 0,
      "setId": 2,
      "iconIdx": 171
    },
    {
      "icon": {
        "paths": [
          "M938 512v-256h-340v256h340zM598 768v-42c0-86-170-132-256-132s-256 46-256 132v42h512zM342 256c-70 0-128 58-128 128s58 128 128 128 128-58 128-128-58-128-128-128zM938 128c46 0 86 40 86 86v596c0 46-40 86-86 86h-852c-46 0-86-40-86-86v-596c0-46 40-86 86-86h852zM896 342l-128 84-128-84v-44l128 86 128-86v44z"
        ],
        "attrs": [],
        "isMulticolor": false,
        "isMulticolor2": false,
        "tags": [
          "contact_mail"
        ],
        "defaultCode": 57552,
        "grid": 24
      },
      "attrs": [],
      "properties": {
        "order": 34,
        "ligatures": "contact_mail",
        "id": 176,
        "prevSize": 24,
        "code": 57552,
        "name": "contact_mail"
      },
      "setIdx": 0,
      "setId": 2,
      "iconIdx": 176
    },
    {
      "icon": {
        "paths": [
          "M762 598c-10-26-16-56-16-86s6-60 16-86h70l64-84-84-86c-56 42-98 100-118 170-8 28-12 56-12 86s4 58 12 86c20 68 62 128 118 170l84-86-64-84h-70zM598 768v-42c0-86-170-132-256-132s-256 46-256 132v42h512zM342 256c-70 0-128 58-128 128s58 128 128 128 128-58 128-128-58-128-128-128zM938 128c46 0 86 40 86 86v596c0 46-40 86-86 86h-852c-46 0-86-40-86-86v-596c0-46 40-86 86-86h852z"
        ],
        "attrs": [],
        "isMulticolor": false,
        "isMulticolor2": false,
        "tags": [
          "contact_phone"
        ],
        "defaultCode": 57551,
        "grid": 24
      },
      "attrs": [],
      "properties": {
        "order": 36,
        "ligatures": "contact_phone",
        "id": 177,
        "prevSize": 24,
        "code": 57551,
        "name": "contact_phone"
      },
      "setIdx": 0,
      "setId": 2,
      "iconIdx": 177
    },
    {
      "icon": {
        "paths": [
          "M512 42c46 0 86 40 86 86s-40 86-86 86-86-40-86-86 40-86 86-86zM512 298c46 0 86 40 86 86s-40 86-86 86-86-40-86-86 40-86 86-86zM768 298c46 0 86 40 86 86s-40 86-86 86-86-40-86-86 40-86 86-86zM768 554c46 0 86 40 86 86s-40 86-86 86-86-40-86-86 40-86 86-86zM512 554c46 0 86 40 86 86s-40 86-86 86-86-40-86-86 40-86 86-86zM768 214c-46 0-86-40-86-86s40-86 86-86 86 40 86 86-40 86-86 86zM256 554c46 0 86 40 86 86s-40 86-86 86-86-40-86-86 40-86 86-86zM256 298c46 0 86 40 86 86s-40 86-86 86-86-40-86-86 40-86 86-86zM256 42c46 0 86 40 86 86s-40 86-86 86-86-40-86-86 40-86 86-86zM512 810c46 0 86 40 86 86s-40 86-86 86-86-40-86-86 40-86 86-86z"
        ],
        "attrs": [],
        "isMulticolor": false,
        "isMulticolor2": false,
        "tags": [
          "dialpad"
        ],
        "defaultCode": 57532,
        "grid": 24
      },
      "attrs": [],
      "properties": {
        "order": 111,
        "ligatures": "dialpad",
        "id": 215,
        "prevSize": 24,
        "code": 57532,
        "name": "dialpad"
      },
      "setIdx": 0,
      "setId": 2,
      "iconIdx": 215
    },
    {
      "icon": {
        "paths": [
          "M598 618l148-148-148-150v106h-214c-24 0-42 20-42 44v170h84v-128h172v106zM926 482c16 18 16 44 0 60l-384 384c-16 16-44 16-60 0l-384-384c-16-16-16-44 0-60l384-384c16-16 44-16 60 0z"
        ],
        "attrs": [],
        "isMulticolor": false,
        "isMulticolor2": false,
        "tags": [
          "directions"
        ],
        "defaultCode": 58670,
        "grid": 24
      },
      "attrs": [],
      "properties": {
        "order": 148,
        "ligatures": "directions",
        "id": 216,
        "prevSize": 24,
        "code": 58670,
        "name": "directions"
      },
      "setIdx": 0,
      "setId": 2,
      "iconIdx": 216
    },
    {
      "icon": {
        "paths": [
          "M512 854c188 0 342-154 342-342 0-76-28-150-74-210l-478 478c60 46 134 74 210 74zM170 512c0 76 28 150 74 210l478-478c-60-46-134-74-210-74-188 0-342 154-342 342zM512 86c234 0 426 192 426 426s-192 426-426 426-426-192-426-426 192-426 426-426z"
        ],
        "attrs": [],
        "isMulticolor": false,
        "isMulticolor2": false,
        "tags": [
          "do_not_disturb_alt"
        ],
        "defaultCode": 58897,
        "grid": 24
      },
      "attrs": [],
      "properties": {
        "order": 58,
        "ligatures": "do_not_disturb_alt",
        "id": 228,
        "prevSize": 24,
        "code": 58897,
        "name": "cancel"
      },
      "setIdx": 0,
      "setId": 2,
      "iconIdx": 228
    },
    {
      "icon": {
        "paths": [
          "M726 554v-84h-428v84h428zM512 86c236 0 426 190 426 426s-190 426-426 426-426-190-426-426 190-426 426-426z"
        ],
        "attrs": [],
        "isMulticolor": false,
        "isMulticolor2": false,
        "tags": [
          "remove_circle"
        ],
        "defaultCode": 57692,
        "grid": 24
      },
      "attrs": [],
      "properties": {
        "order": 60,
        "ligatures": "do_not_disturb_on, remove_circle",
        "id": 230,
        "prevSize": 24,
        "code": 57692,
        "name": "remove"
      },
      "setIdx": 0,
      "setId": 2,
      "iconIdx": 230
    },
    {
      "icon": {
        "paths": [
          "M384 692l452-454 60 60-512 512-238-238 58-60z"
        ],
        "attrs": [],
        "isMulticolor": false,
        "isMulticolor2": false,
        "tags": [
          "done"
        ],
        "defaultCode": 59510,
        "grid": 24
      },
      "attrs": [],
      "properties": {
        "order": 39,
        "ligatures": "done",
        "id": 232,
        "prevSize": 24,
        "code": 59510,
        "name": "done"
      },
      "setIdx": 0,
      "setId": 2,
      "iconIdx": 232
    },
    {
      "icon": {
        "paths": [
          "M18 572l60-60 238 238-60 60zM948 238l62 60-512 512-240-238 62-60 178 178zM768 298l-270 272-60-60 270-272z"
        ],
        "attrs": [],
        "isMulticolor": false,
        "isMulticolor2": false,
        "tags": [
          "done_all"
        ],
        "defaultCode": 59511,
        "grid": 24
      },
      "attrs": [],
      "properties": {
        "order": 32,
        "ligatures": "done_all",
        "id": 233,
        "prevSize": 24,
        "code": 59511,
        "name": "done_all"
      },
      "setIdx": 0,
      "setId": 2,
      "iconIdx": 233
    },
    {
      "icon": {
        "paths": [
          "M554 554v-256h-84v256h84zM554 726v-86h-84v86h84zM512 86c236 0 426 190 426 426s-190 426-426 426-426-190-426-426 190-426 426-426z"
        ],
        "attrs": [],
        "isMulticolor": false,
        "isMulticolor2": false,
        "tags": [
          "error"
        ],
        "defaultCode": 57344,
        "grid": 24
      },
      "attrs": [],
      "properties": {
        "order": 61,
        "ligatures": "error",
        "id": 245,
        "prevSize": 24,
        "code": 57344,
        "name": "error"
      },
      "setIdx": 0,
      "setId": 2,
      "iconIdx": 245
    },
    {
      "icon": {
        "paths": [
          "M810 810v-468h-596v468h596zM810 128c46 0 86 40 86 86v596c0 46-40 86-86 86h-596c-48 0-86-40-86-86v-596c0-46 38-86 86-86h42v-86h86v86h340v-86h86v86h42zM706 472l-254 254-136-136 46-46 90 90 208-208z"
        ],
        "attrs": [],
        "isMulticolor": false,
        "isMulticolor2": false,
        "tags": [
          "event_available"
        ],
        "defaultCode": 58900,
        "grid": 24
      },
      "attrs": [],
      "properties": {
        "order": 62,
        "ligatures": "event_available",
        "id": 250,
        "prevSize": 24,
        "code": 58900,
        "name": "event_available"
      },
      "setIdx": 0,
      "setId": 2,
      "iconIdx": 250
    },
    {
      "icon": {
        "paths": [
          "M810 810v-468h-596v468h596zM810 128c46 0 86 40 86 86v596c0 46-40 86-86 86h-596c-48 0-86-40-86-86v-596c0-46 38-86 86-86h42v-86h86v86h340v-86h86v86h42zM398 726l-46-46 104-104-104-104 46-46 104 104 104-104 44 46-104 104 104 104-44 46-104-104z"
        ],
        "attrs": [],
        "isMulticolor": false,
        "isMulticolor2": false,
        "tags": [
          "event_busy"
        ],
        "defaultCode": 58901,
        "grid": 24
      },
      "attrs": [],
      "properties": {
        "order": 63,
        "ligatures": "event_busy",
        "id": 251,
        "prevSize": 24,
        "code": 58901,
        "name": "event_busy"
      },
      "setIdx": 0,
      "setId": 2,
      "iconIdx": 251
    },
    {
      "icon": {
        "paths": [
          "M512 910l-62-56c-220-200-364-330-364-492 0-132 102-234 234-234 74 0 146 36 192 90 46-54 118-90 192-90 132 0 234 102 234 234 0 162-144 294-364 494z"
        ],
        "attrs": [],
        "isMulticolor": false,
        "isMulticolor2": false,
        "tags": [
          "favorite"
        ],
        "defaultCode": 59517,
        "grid": 24
      },
      "attrs": [],
      "properties": {
        "order": 91,
        "ligatures": "favorite",
        "id": 269,
        "prevSize": 24,
        "code": 59517,
        "name": "favorite"
      },
      "setIdx": 0,
      "setId": 2,
      "iconIdx": 269
    },
    {
      "icon": {
        "paths": [
          "M554 426v-170h-84v170h84zM554 598v-86h-84v86h84zM854 86c46 0 84 38 84 84v512c0 46-38 86-84 86h-598l-170 170v-768c0-46 38-84 84-84h684z"
        ],
        "attrs": [],
        "isMulticolor": false,
        "isMulticolor2": false,
        "tags": [
          "sms_failed"
        ],
        "defaultCode": 58918,
        "grid": 24
      },
      "attrs": [],
      "properties": {
        "order": 112,
        "ligatures": "feedback, sms_failed",
        "id": 273,
        "prevSize": 24,
        "code": 58918,
        "name": "sms_failed"
      },
      "setIdx": 0,
      "setId": 2,
      "iconIdx": 273
    },
    {
      "icon": {
        "paths": [
          "M170 512c0-188 154-342 342-342s342 154 342 342-154 342-342 342-342-154-342-342z"
        ],
        "attrs": [],
        "isMulticolor": false,
        "isMulticolor2": false,
        "tags": [
          "fiber_manual_record"
        ],
        "defaultCode": 57441,
        "grid": 24
      },
      "attrs": [],
      "properties": {
        "order": 147,
        "ligatures": "fiber_manual_record",
        "id": 275,
        "prevSize": 24,
        "code": 57441,
        "name": "record"
      },
      "setIdx": 0,
      "setId": 2,
      "iconIdx": 275
    },
    {
      "icon": {
        "paths": [
          "M874 598v-214h-52v192h-48v-150h-54v150h-48v-192h-54v214c0 24 20 42 44 42h170c24 0 42-18 42-42zM576 438v-54h-170v256h170v-54h-106v-46h106v-54h-106v-48h106zM362 640v-256h-52v150l-108-150h-52v256h52v-150l110 150h50zM854 170c48 0 84 38 84 86v512c0 48-36 86-84 86h-684c-48 0-84-38-84-86v-512c0-48 36-86 84-86h684z"
        ],
        "attrs": [],
        "isMulticolor": false,
        "isMulticolor2": false,
        "tags": [
          "fiber_new"
        ],
        "defaultCode": 57438,
        "grid": 24
      },
      "attrs": [],
      "properties": {
        "order": 89,
        "ligatures": "fiber_new",
        "id": 276,
        "prevSize": 24,
        "code": 57438,
        "name": "fiber_new"
      },
      "setIdx": 0,
      "setId": 2,
      "iconIdx": 276
    },
    {
      "icon": {
        "paths": [
          "M854 640v-256h-54v150l-106-150h-54v256h54v-150l108 150h52zM534 640v-256h-64v256h64zM384 490v-42c0-36-28-64-64-64h-150v256h64v-86h86c36 0 64-28 64-64zM854 170c48 0 84 38 84 86v512c0 48-36 86-84 86h-684c-48 0-84-38-84-86v-512c0-48 36-86 84-86h684zM234 448h86v42h-86v-42z"
        ],
        "attrs": [],
        "isMulticolor": false,
        "isMulticolor2": false,
        "tags": [
          "fiber_pin"
        ],
        "defaultCode": 57450,
        "grid": 24
      },
      "attrs": [],
      "properties": {
        "order": 87,
        "ligatures": "fiber_pin",
        "id": 277,
        "prevSize": 24,
        "code": 57450,
        "name": "fiber_pin"
      },
      "setIdx": 0,
      "setId": 2,
      "iconIdx": 277
    },
    {
      "icon": {
        "paths": [
          "M214 768h596v86h-596v-86zM810 384l-298 298-298-298h170v-256h256v256h170z"
        ],
        "attrs": [],
        "isMulticolor": false,
        "isMulticolor2": false,
        "tags": [
          "get_app"
        ],
        "defaultCode": 59524,
        "grid": 24
      },
      "attrs": [],
      "properties": {
        "order": 113,
        "ligatures": "file_download, get_app",
        "id": 279,
        "prevSize": 24,
        "code": 59524,
        "name": "get_app"
      },
      "setIdx": 0,
      "setId": 2,
      "iconIdx": 279
    },
    {
      "icon": {
        "paths": [
          "M214 768h596v86h-596v-86zM384 682v-256h-170l298-298 298 298h-170v256h-256z"
        ],
        "attrs": [],
        "isMulticolor": false,
        "isMulticolor2": false,
        "tags": [
          "file_upload"
        ],
        "defaultCode": 58054,
        "grid": 24
      },
      "attrs": [],
      "properties": {
        "order": 114,
        "ligatures": "file_upload",
        "id": 280,
        "prevSize": 24,
        "code": 58054,
        "name": "file_upload"
      },
      "setIdx": 0,
      "setId": 2,
      "iconIdx": 280
    },
    {
      "icon": {
        "paths": [
          "M598 616c-136.472-37.528-274.090-73.91-412-110l-68-20v-220l62 16 40 100 212 56v-352l82 22 118 384 226 60c34 10 54 46 46 80-10 34-44 52-78 44zM106 810h812v86h-812v-86z"
        ],
        "attrs": [],
        "isMulticolor": false,
        "isMulticolor2": false,
        "tags": [
          "flight_land"
        ],
        "defaultCode": 59652,
        "grid": 24
      },
      "attrs": [],
      "properties": {
        "order": 85,
        "ligatures": "flight_land",
        "id": 310,
        "prevSize": 24,
        "code": 59652,
        "name": "flight_in"
      },
      "setIdx": 0,
      "setId": 2,
      "iconIdx": 310
    },
    {
      "icon": {
        "paths": [
          "M942 412c8 34-12 68-46 78-137.558 36.442-275.002 72.998-412 110l-226 60-68 20c-37.52-63.813-74.693-127.974-112-192l62-16 84 64 212-56-176-306 82-22 294 274 228-60c34-10 70 12 78 46zM106 810h812v86h-812v-86z"
        ],
        "attrs": [],
        "isMulticolor": false,
        "isMulticolor2": false,
        "tags": [
          "flight_takeoff"
        ],
        "defaultCode": 59653,
        "grid": 24
      },
      "attrs": [],
      "properties": {
        "order": 86,
        "ligatures": "flight_takeoff",
        "id": 311,
        "prevSize": 24,
        "code": 59653,
        "name": "flight_out"
      },
      "setIdx": 0,
      "setId": 2,
      "iconIdx": 311
    },
    {
      "icon": {
        "paths": [
          "M164 404l240 242-120 120-242-240zM526 42l240 242-120 120-242-240zM224 344l120-120 604 604-120 120zM42 896h512v86h-512v-86z"
        ],
        "attrs": [],
        "isMulticolor": false,
        "isMulticolor2": false,
        "tags": [
          "gavel"
        ],
        "defaultCode": 59662,
        "grid": 24
      },
      "attrs": [],
      "properties": {
        "order": 84,
        "ligatures": "gavel",
        "id": 354,
        "prevSize": 24,
        "code": 59662,
        "name": "hammer"
      },
      "setIdx": 0,
      "setId": 2,
      "iconIdx": 354
    },
    {
      "icon": {
        "paths": [
          "M512 736l-264 160 70-300-232-202 306-26 120-282 120 282 306 26-232 202 70 300z"
        ],
        "attrs": [],
        "isMulticolor": false,
        "isMulticolor2": false,
        "tags": [
          "star"
        ],
        "defaultCode": 59448,
        "grid": 24
      },
      "attrs": [],
      "properties": {
        "order": 117,
        "ligatures": "grade, star",
        "id": 362,
        "prevSize": 24,
        "code": 59448,
        "name": "star_fill"
      },
      "setIdx": 0,
      "setId": 2,
      "iconIdx": 362
    },
    {
      "icon": {
        "paths": [
          "M682 554c100 0 300 50 300 150v106h-256v-106c0-64-34-112-84-148 14-2 28-2 40-2zM342 554c100 0 298 50 298 150v106h-598v-106c0-100 200-150 300-150zM342 470c-70 0-128-58-128-128s58-128 128-128 126 58 126 128-56 128-126 128zM682 470c-70 0-128-58-128-128s58-128 128-128 128 58 128 128-58 128-128 128z"
        ],
        "attrs": [],
        "isMulticolor": false,
        "isMulticolor2": false,
        "tags": [
          "people"
        ],
        "defaultCode": 59387,
        "grid": 24
      },
      "attrs": [],
      "properties": {
        "order": 27,
        "ligatures": "group, people",
        "id": 368,
        "prevSize": 24,
        "code": 59387,
        "name": "people"
      },
      "setIdx": 0,
      "setId": 2,
      "iconIdx": 368
    },
    {
      "icon": {
        "paths": [
          "M554 554c86 0 256 42 256 128v86h-512v-86c0-86 170-128 256-128zM838 562c86 14 186 54 186 120v86h-128v-86c0-50-22-88-58-120zM554 470c-70 0-128-58-128-128s58-128 128-128 128 58 128 128-58 128-128 128zM768 470c-14 0-26-2-38-6 24-34 38-76 38-122s-14-88-38-122c12-4 24-6 38-6 70 0 128 58 128 128s-58 128-128 128zM342 426v86h-128v128h-86v-128h-128v-86h128v-128h86v128h128z"
        ],
        "attrs": [],
        "isMulticolor": false,
        "isMulticolor2": false,
        "tags": [
          "group_add"
        ],
        "defaultCode": 59376,
        "grid": 24
      },
      "attrs": [],
      "properties": {
        "order": 115,
        "ligatures": "group_add",
        "id": 369,
        "prevSize": 24,
        "code": 59376,
        "name": "group_add"
      },
      "setIdx": 0,
      "setId": 2,
      "iconIdx": 369
    },
    {
      "icon": {
        "paths": [
          "M512 342h64v180l150 90-32 52-182-110v-212zM554 128c212 0 384 172 384 384s-172 384-384 384c-106 0-200-42-270-112l60-62c54 54 128 88 210 88 166 0 300-132 300-298s-134-298-300-298-298 132-298 298h128l-172 172-4-6-166-166h128c0-212 172-384 384-384z"
        ],
        "attrs": [],
        "isMulticolor": false,
        "isMulticolor2": false,
        "tags": [
          "restore"
        ],
        "defaultCode": 59571,
        "grid": 24
      },
      "attrs": [],
      "properties": {
        "order": 55,
        "ligatures": "history, restore",
        "id": 385,
        "prevSize": 24,
        "code": 59571,
        "name": "restore"
      },
      "setIdx": 0,
      "setId": 2,
      "iconIdx": 385
    },
    {
      "icon": {
        "paths": [
          "M426 854h-212v-342h-128l426-384 426 384h-128v342h-212v-256h-172v256z"
        ],
        "attrs": [],
        "isMulticolor": false,
        "isMulticolor2": false,
        "tags": [
          "home"
        ],
        "defaultCode": 59530,
        "grid": 24
      },
      "attrs": [],
      "properties": {
        "order": 83,
        "ligatures": "home",
        "id": 386,
        "prevSize": 24,
        "code": 59530,
        "name": "home"
      },
      "setIdx": 0,
      "setId": 2,
      "iconIdx": 386
    },
    {
      "icon": {
        "paths": [
          "M918 490v-42h-86v42h86zM918 384c34 0 64 30 64 64v42c0 34-30 64-64 64h-86v86h-64v-256h150zM534 448v-64h192v64h-64v192h-64v-192h-64zM298 448v-64h192v64h-64v192h-64v-192h-64zM192 470v-86h64v256h-64v-106h-86v106h-64v-256h64v86h86z"
        ],
        "attrs": [],
        "isMulticolor": false,
        "isMulticolor2": false,
        "tags": [
          "http"
        ],
        "defaultCode": 59650,
        "grid": 24
      },
      "attrs": [],
      "properties": {
        "order": 26,
        "ligatures": "http",
        "id": 391,
        "prevSize": 24,
        "code": 59650,
        "name": "http"
      },
      "setIdx": 0,
      "setId": 2,
      "iconIdx": 391
    },
    {
      "icon": {
        "paths": [
          "M644 342v-86c0-72-60-132-132-132s-132 60-132 132v86h264zM512 726c46 0 86-40 86-86s-40-86-86-86-86 40-86 86 40 86 86 86zM768 342c46 0 86 38 86 84v428c0 46-40 84-86 84h-512c-46 0-86-38-86-84v-428c0-46 40-84 86-84h42v-86c0-118 96-214 214-214s214 96 214 214v86h42z"
        ],
        "attrs": [],
        "isMulticolor": false,
        "isMulticolor2": false,
        "tags": [
          "lock"
        ],
        "defaultCode": 59543,
        "grid": 24
      },
      "attrs": [],
      "properties": {
        "order": 47,
        "ligatures": "https, lock",
        "id": 392,
        "prevSize": 24,
        "code": 59543,
        "name": "lock"
      },
      "setIdx": 0,
      "setId": 2,
      "iconIdx": 392
    },
    {
      "icon": {
        "paths": [
          "M682 726h128l-170 170-170-170h128v-300h84v300zM384 128l170 170h-128v300h-84v-300h-128z"
        ],
        "attrs": [],
        "isMulticolor": false,
        "isMulticolor2": false,
        "tags": [
          "import_export"
        ],
        "defaultCode": 57539,
        "grid": 24
      },
      "attrs": [],
      "properties": {
        "order": 116,
        "ligatures": "import_export",
        "id": 396,
        "prevSize": 24,
        "code": 57539,
        "name": "import_export"
      },
      "setIdx": 0,
      "setId": 2,
      "iconIdx": 396
    },
    {
      "icon": {
        "paths": [
          "M316 334l196 196 196-196 60 60-256 256-256-256z"
        ],
        "attrs": [],
        "isMulticolor": false,
        "isMulticolor2": false,
        "tags": [
          "keyboard_arrow_down"
        ],
        "defaultCode": 58131,
        "grid": 24
      },
      "attrs": [],
      "properties": {
        "order": 21,
        "ligatures": "keyboard_arrow_down",
        "id": 411,
        "prevSize": 24,
        "code": 58131,
        "name": "chevron_down"
      },
      "setIdx": 0,
      "setId": 2,
      "iconIdx": 411
    },
    {
      "icon": {
        "paths": [
          "M658 686l-60 60-256-256 256-256 60 60-196 196z"
        ],
        "attrs": [],
        "isMulticolor": false,
        "isMulticolor2": false,
        "tags": [
          "keyboard_arrow_left"
        ],
        "defaultCode": 58132,
        "grid": 24
      },
      "attrs": [],
      "properties": {
        "order": 22,
        "ligatures": "keyboard_arrow_left",
        "id": 412,
        "prevSize": 24,
        "code": 58132,
        "name": "chevron_left"
      },
      "setIdx": 0,
      "setId": 2,
      "iconIdx": 412
    },
    {
      "icon": {
        "paths": [
          "M366 698l196-196-196-196 60-60 256 256-256 256z"
        ],
        "attrs": [],
        "isMulticolor": false,
        "isMulticolor2": false,
        "tags": [
          "keyboard_arrow_right"
        ],
        "defaultCode": 58133,
        "grid": 24
      },
      "attrs": [],
      "properties": {
        "order": 23,
        "ligatures": "keyboard_arrow_right",
        "id": 413,
        "prevSize": 24,
        "code": 58133,
        "name": "chevron_right"
      },
      "setIdx": 0,
      "setId": 2,
      "iconIdx": 413
    },
    {
      "icon": {
        "paths": [
          "M316 658l-60-60 256-256 256 256-60 60-196-196z"
        ],
        "attrs": [],
        "isMulticolor": false,
        "isMulticolor2": false,
        "tags": [
          "keyboard_arrow_up"
        ],
        "defaultCode": 58134,
        "grid": 24
      },
      "attrs": [],
      "properties": {
        "order": 24,
        "ligatures": "keyboard_arrow_up",
        "id": 414,
        "prevSize": 24,
        "code": 58134,
        "name": "chevron_up"
      },
      "setIdx": 0,
      "setId": 2,
      "iconIdx": 414
    },
    {
      "icon": {
        "paths": [
          "M896 470v84h-604l152 154-60 60-256-256 256-256 60 60-152 154h604z"
        ],
        "attrs": [],
        "isMulticolor": false,
        "isMulticolor2": false,
        "tags": [
          "keyboard_backspace"
        ],
        "defaultCode": 58135,
        "grid": 24
      },
      "attrs": [],
      "properties": {
        "order": 25,
        "ligatures": "keyboard_backspace",
        "id": 415,
        "prevSize": 24,
        "code": 58135,
        "name": "back"
      },
      "setIdx": 0,
      "setId": 2,
      "iconIdx": 415
    },
    {
      "icon": {
        "paths": [
          "M738 512h72c0 146-116 266-256 286v140h-84v-140c-140-20-256-140-256-286h72c0 128 108 218 226 218s226-90 226-218zM512 640c-70 0-128-58-128-128v-256c0-70 58-128 128-128s128 58 128 128v256c0 70-58 128-128 128z"
        ],
        "attrs": [],
        "isMulticolor": false,
        "isMulticolor2": false,
        "tags": [
          "keyboard_voice"
        ],
        "defaultCode": 58141,
        "grid": 24
      },
      "attrs": [],
      "properties": {
        "order": 118,
        "ligatures": "keyboard_voice",
        "id": 420,
        "prevSize": 24,
        "code": 58141,
        "name": "keyboard_voice"
      },
      "setIdx": 0,
      "setId": 2,
      "iconIdx": 420
    },
    {
      "icon": {
        "paths": [
          "M170 256v598h598v84h-598c-46 0-84-38-84-84v-598h84zM768 298v-84h-170v234c-18-14-40-22-64-22-58 0-108 50-108 108s50 106 108 106 106-48 106-106v-236h128zM854 86c46 0 84 38 84 84v512c0 46-38 86-84 86h-512c-46 0-86-40-86-86v-512c0-46 40-84 86-84h512z"
        ],
        "attrs": [],
        "isMulticolor": false,
        "isMulticolor2": false,
        "tags": [
          "library_music"
        ],
        "defaultCode": 57392,
        "grid": 24
      },
      "attrs": [],
      "properties": {
        "order": 119,
        "ligatures": "library_music",
        "id": 436,
        "prevSize": 24,
        "code": 57392,
        "name": "library_music"
      },
      "setIdx": 0,
      "setId": 2,
      "iconIdx": 436
    },
    {
      "icon": {
        "paths": [
          "M512 342c-70 0-128-58-128-128s58-128 128-128 128 58 128 128-58 128-128 128zM512 492c100-94 236-150 384-150v468c-148 0-284 58-384 152-100-94-236-152-384-152v-468c148 0 284 56 384 150z"
        ],
        "attrs": [],
        "isMulticolor": false,
        "isMulticolor2": false,
        "tags": [
          "local_library"
        ],
        "defaultCode": 58699,
        "grid": 24
      },
      "attrs": [],
      "properties": {
        "order": 120,
        "ligatures": "local_library",
        "id": 459,
        "prevSize": 24,
        "code": 58699,
        "name": "local_library"
      },
      "setIdx": 0,
      "setId": 2,
      "iconIdx": 459
    },
    {
      "icon": {
        "paths": [
          "M768 854v-428h-512v428h512zM768 342c46 0 86 38 86 84v428c0 46-40 84-86 84h-512c-46 0-86-38-86-84v-428c0-46 40-84 86-84h388v-86c0-72-60-132-132-132s-132 60-132 132h-82c0-118 96-214 214-214s214 96 214 214v86h42zM512 726c-46 0-86-40-86-86s40-86 86-86 86 40 86 86-40 86-86 86z"
        ],
        "attrs": [],
        "isMulticolor": false,
        "isMulticolor2": false,
        "tags": [
          "lock_open"
        ],
        "defaultCode": 59544,
        "grid": 24
      },
      "attrs": [],
      "properties": {
        "order": 81,
        "ligatures": "lock_open",
        "id": 472,
        "prevSize": 24,
        "code": 59544,
        "name": "lock_open"
      },
      "setIdx": 0,
      "setId": 2,
      "iconIdx": 472
    },
    {
      "icon": {
        "paths": [
          "M768 854v-428h-512v428h512zM380 256v86h264v-86c0-72-60-132-132-132s-132 60-132 132zM768 342c46 0 86 38 86 84v428c0 46-40 84-86 84h-512c-46 0-86-38-86-84v-428c0-46 40-84 86-84h42v-86c0-118 96-214 214-214s214 96 214 214v86h42zM512 726c-46 0-86-40-86-86s40-86 86-86 86 40 86 86-40 86-86 86z"
        ],
        "attrs": [],
        "isMulticolor": false,
        "isMulticolor2": false,
        "tags": [
          "lock_outline"
        ],
        "defaultCode": 59545,
        "grid": 24
      },
      "attrs": [],
      "properties": {
        "order": 82,
        "ligatures": "lock_outline",
        "id": 473,
        "prevSize": 24,
        "code": 59545,
        "name": "lock_outline"
      },
      "setIdx": 0,
      "setId": 2,
      "iconIdx": 473
    },
    {
      "icon": {
        "paths": [
          "M86 490c0-152 124-276 276-276h150v84h-150c-106 0-192 86-192 192s86 192 192 192h22v-84l128 128-128 128v-86h-22c-152 0-276-126-276-278zM598 682h340v86h-340v-86zM598 448h340v86h-340v-86zM598 214h340v84h-340v-84z"
        ],
        "attrs": [],
        "isMulticolor": false,
        "isMulticolor2": false,
        "tags": [
          "low_priority"
        ],
        "defaultCode": 57709,
        "grid": 24
      },
      "attrs": [],
      "properties": {
        "order": 141,
        "ligatures": "low_priority",
        "id": 483,
        "prevSize": 24,
        "code": 57709,
        "name": "low_priority"
      },
      "setIdx": 0,
      "setId": 2,
      "iconIdx": 483
    },
    {
      "icon": {
        "paths": [
          "M736 652c20-20 32-46 32-76 0-58-48-106-106-106-30 0-56 10-76 30l-32 32-30-32c-20-20-46-30-76-30-58 0-106 48-106 106 0 30 10 56 30 76l182 182zM234 298c36 0 64-28 64-64s-28-64-64-64-64 28-64 64 28 64 64 64zM914 494c16 16 24 36 24 60s-8 44-24 60l-300 300c-16 16-36 24-60 24s-44-8-60-24l-384-384c-16-16-24-36-24-60v-300c0-46 38-84 84-84h300c24 0 44 8 60 24z"
        ],
        "attrs": [],
        "isMulticolor": false,
        "isMulticolor2": false,
        "tags": [
          "loyalty"
        ],
        "defaultCode": 59546,
        "grid": 24
      },
      "attrs": [],
      "properties": {
        "order": 121,
        "ligatures": "loyalty",
        "id": 484,
        "prevSize": 24,
        "code": 59546,
        "name": "loyalty"
      },
      "setIdx": 0,
      "setId": 2,
      "iconIdx": 484
    },
    {
      "icon": {
        "paths": [
          "M128 256h768v86h-768v-86zM128 554v-84h768v84h-768zM128 768v-86h768v86h-768z"
        ],
        "attrs": [],
        "isMulticolor": false,
        "isMulticolor2": false,
        "tags": [
          "menu"
        ],
        "defaultCode": 58834,
        "grid": 24
      },
      "attrs": [],
      "properties": {
        "order": 8,
        "ligatures": "menu",
        "id": 489,
        "prevSize": 24,
        "name": "menu",
        "code": 58834
      },
      "setIdx": 0,
      "setId": 2,
      "iconIdx": 489
    },
    {
      "icon": {
        "paths": [
          "M810 576c36 0 64-28 64-64s-28-64-64-64-64 28-64 64 28 64 64 64zM598 576c36 0 64-28 64-64s-28-64-64-64-64 28-64 64 28 64 64 64zM384 576c36 0 64-28 64-64s-28-64-64-64-64 28-64 64 28 64 64 64zM938 128c46 0 86 40 86 86v596c0 46-40 86-86 86h-636c-30 0-56-16-72-38l-230-346 230-346c16-22 38-38 68-38h640z"
        ],
        "attrs": [],
        "isMulticolor": false,
        "isMulticolor2": false,
        "tags": [
          "more"
        ],
        "defaultCode": 58905,
        "grid": 24
      },
      "attrs": [],
      "properties": {
        "order": 122,
        "ligatures": "more",
        "id": 500,
        "prevSize": 24,
        "code": 58905,
        "name": "more"
      },
      "setIdx": 0,
      "setId": 2,
      "iconIdx": 500
    },
    {
      "icon": {
        "paths": [
          "M512 426c46 0 86 40 86 86s-40 86-86 86-86-40-86-86 40-86 86-86zM768 426c46 0 86 40 86 86s-40 86-86 86-86-40-86-86 40-86 86-86zM256 426c46 0 86 40 86 86s-40 86-86 86-86-40-86-86 40-86 86-86z"
        ],
        "attrs": [],
        "isMulticolor": false,
        "isMulticolor2": false,
        "tags": [
          "more_horiz"
        ],
        "defaultCode": 58835,
        "grid": 24
      },
      "attrs": [],
      "properties": {
        "order": 5,
        "ligatures": "more_horiz",
        "id": 501,
        "prevSize": 24,
        "name": "more_horiz",
        "code": 58835
      },
      "setIdx": 0,
      "setId": 2,
      "iconIdx": 501
    },
    {
      "icon": {
        "paths": [
          "M512 682c46 0 86 40 86 86s-40 86-86 86-86-40-86-86 40-86 86-86zM512 426c46 0 86 40 86 86s-40 86-86 86-86-40-86-86 40-86 86-86zM512 342c-46 0-86-40-86-86s40-86 86-86 86 40 86 86-40 86-86 86z"
        ],
        "attrs": [],
        "isMulticolor": false,
        "isMulticolor2": false,
        "tags": [
          "more_vert"
        ],
        "defaultCode": 58836,
        "grid": 24
      },
      "attrs": [],
      "properties": {
        "order": 7,
        "ligatures": "more_vert",
        "id": 502,
        "prevSize": 24,
        "name": "more_vert",
        "code": 58836
      },
      "setIdx": 0,
      "setId": 2,
      "iconIdx": 502
    },
    {
      "icon": {
        "paths": [
          "M598 214h170v596h-170v-596zM256 810v-596h170v596h-170z"
        ],
        "attrs": [],
        "isMulticolor": false,
        "isMulticolor2": false,
        "tags": [
          "pause"
        ],
        "defaultCode": 57396,
        "grid": 24
      },
      "attrs": [],
      "properties": {
        "order": 18,
        "ligatures": "pause",
        "id": 545,
        "prevSize": 24,
        "code": 57396,
        "name": "pause"
      },
      "setIdx": 0,
      "setId": 2,
      "iconIdx": 545
    },
    {
      "icon": {
        "paths": [
          "M704 278c-46 0-86 38-86 84s40 86 86 86 86-40 86-86-40-84-86-84zM704 512c-82 0-150-68-150-150s68-148 150-148 150 66 150 148-68 150-150 150zM320 278c-46 0-86 38-86 84s40 86 86 86 86-40 86-86-40-84-86-84zM320 512c-82 0-150-68-150-150s68-148 150-148 150 66 150 148-68 150-150 150zM918 746v-52c0-24-110-76-214-76-46 0-90 12-128 24 14 16 22 32 22 52v52h320zM534 746v-52c0-24-110-76-214-76s-214 52-214 76v52h428zM704 554c92 0 278 48 278 140v116h-940v-116c0-92 186-140 278-140 52 0 130 16 192 44 62-28 140-44 192-44z"
        ],
        "attrs": [],
        "isMulticolor": false,
        "isMulticolor2": false,
        "tags": [
          "people_outline"
        ],
        "defaultCode": 59388,
        "grid": 24
      },
      "attrs": [],
      "properties": {
        "order": 123,
        "ligatures": "people_outline",
        "id": 548,
        "prevSize": 24,
        "code": 59388,
        "name": "people_outline"
      },
      "setIdx": 0,
      "setId": 2,
      "iconIdx": 548
    },
    {
      "icon": {
        "paths": [
          "M768 768v-42c0-86-170-132-256-132s-256 46-256 132v42h512zM512 256c-70 0-128 58-128 128s58 128 128 128 128-58 128-128-58-128-128-128zM810 128c46 0 86 40 86 86v596c0 46-40 86-86 86h-596c-48 0-86-40-86-86v-596c0-46 38-86 86-86h42v-86h86v86h340v-86h86v86h42z"
        ],
        "attrs": [],
        "isMulticolor": false,
        "isMulticolor2": false,
        "tags": [
          "perm_contact_calendar"
        ],
        "defaultCode": 59555,
        "grid": 24
      },
      "attrs": [],
      "properties": {
        "order": 124,
        "ligatures": "perm_contact_calendar",
        "id": 550,
        "prevSize": 24,
        "code": 59555,
        "name": "perm_contact_calendar"
      },
      "setIdx": 0,
      "setId": 2,
      "iconIdx": 550
    },
    {
      "icon": {
        "paths": [
          "M512 598c114 0 342 56 342 170v86h-684v-86c0-114 228-170 342-170zM512 512c-94 0-170-76-170-170s76-172 170-172 170 78 170 172-76 170-170 170z"
        ],
        "attrs": [],
        "isMulticolor": false,
        "isMulticolor2": false,
        "tags": [
          "person"
        ],
        "defaultCode": 59389,
        "grid": 24
      },
      "attrs": [],
      "properties": {
        "order": 16,
        "ligatures": "person",
        "id": 557,
        "prevSize": 24,
        "code": 59389,
        "name": "user"
      },
      "setIdx": 0,
      "setId": 2,
      "iconIdx": 557
    },
    {
      "icon": {
        "paths": [
          "M640 598c114 0 342 56 342 170v86h-684v-86c0-114 228-170 342-170zM256 426h128v86h-128v128h-86v-128h-128v-86h128v-128h86v128zM640 512c-94 0-170-76-170-170s76-172 170-172 170 78 170 172-76 170-170 170z"
        ],
        "attrs": [],
        "isMulticolor": false,
        "isMulticolor2": false,
        "tags": [
          "person_add"
        ],
        "defaultCode": 59390,
        "grid": 24
      },
      "attrs": [],
      "properties": {
        "order": 17,
        "ligatures": "person_add",
        "id": 558,
        "prevSize": 24,
        "code": 59390,
        "name": "user_add"
      },
      "setIdx": 0,
      "setId": 2,
      "iconIdx": 558
    },
    {
      "icon": {
        "paths": [
          "M854 662c24 0 42 18 42 42v150c0 24-18 42-42 42-400 0-726-326-726-726 0-24 18-42 42-42h150c24 0 42 18 42 42 0 54 8 104 24 152 4 14 2 32-10 44l-94 94c62 122 162 220 282 282l94-94c12-12 30-14 44-10 48 16 98 24 152 24zM768 308v80l40-40zM768 124v80l40-40zM628 406l-30-30 118-120-118-120 30-30 98 98v-162h20l122 122-92 92 92 92-122 122h-20v-162z"
        ],
        "attrs": [],
        "isMulticolor": false,
        "isMulticolor2": false,
        "tags": [
          "phone_bluetooth_speaker"
        ],
        "defaultCode": 58907,
        "grid": 24
      },
      "attrs": [],
      "properties": {
        "order": 125,
        "ligatures": "phone_bluetooth_speaker",
        "id": 564,
        "prevSize": 24,
        "code": 58907,
        "name": "phone_bluetooth_speaker"
      },
      "setIdx": 0,
      "setId": 2,
      "iconIdx": 564
    },
    {
      "icon": {
        "paths": [
          "M854 662c24 0 42 18 42 42v150c0 24-18 42-42 42-400 0-726-326-726-726 0-24 18-42 42-42h150c24 0 42 18 42 42 0 54 8 104 24 152 4 14 2 32-10 44l-94 94c62 122 162 220 282 282l94-94c12-12 30-14 44-10 48 16 98 24 152 24zM768 470v-128h-170v-172h170v-128l214 214z"
        ],
        "attrs": [],
        "isMulticolor": false,
        "isMulticolor2": false,
        "tags": [
          "phone_forwarded"
        ],
        "defaultCode": 58908,
        "grid": 24
      },
      "attrs": [],
      "properties": {
        "order": 126,
        "ligatures": "phone_forwarded",
        "id": 565,
        "prevSize": 24,
        "code": 58908,
        "name": "phone_forwarded"
      },
      "setIdx": 0,
      "setId": 2,
      "iconIdx": 565
    },
    {
      "icon": {
        "paths": [
          "M640 512c0-70-58-128-128-128v-86c118 0 214 96 214 214h-86zM810 512c0-166-132-298-298-298v-86c212 0 384 172 384 384h-86zM854 662c24 0 42 18 42 42v150c0 24-18 42-42 42-400 0-726-326-726-726 0-24 18-42 42-42h150c24 0 42 18 42 42 0 54 8 104 24 152 4 14 2 32-10 44l-94 94c62 122 162 220 282 282l94-94c12-12 30-14 44-10 48 16 98 24 152 24z"
        ],
        "attrs": [],
        "isMulticolor": false,
        "isMulticolor2": false,
        "tags": [
          "phone_in_talk"
        ],
        "defaultCode": 58909,
        "grid": 24
      },
      "attrs": [],
      "properties": {
        "order": 127,
        "ligatures": "phone_in_talk",
        "id": 566,
        "prevSize": 24,
        "code": 58909,
        "name": "phone_in_talk"
      },
      "setIdx": 0,
      "setId": 2,
      "iconIdx": 566
    },
    {
      "icon": {
        "paths": [
          "M820 170v-20c0-40-34-74-74-74s-72 34-72 74v20h146zM854 170c24 0 42 20 42 44v170c0 24-18 42-42 42h-214c-24 0-42-18-42-42v-170c0-24 18-44 42-44v-20c0-58 48-108 106-108s108 50 108 108v20zM854 662c24 0 42 18 42 42v150c0 24-18 42-42 42-400 0-726-326-726-726 0-24 18-42 42-42h150c24 0 42 18 42 42 0 54 8 104 24 152 4 14 2 32-10 44l-94 94c62 122 162 220 282 282l94-94c12-12 30-14 44-10 48 16 98 24 152 24z"
        ],
        "attrs": [],
        "isMulticolor": false,
        "isMulticolor2": false,
        "tags": [
          "phone_locked"
        ],
        "defaultCode": 58910,
        "grid": 24
      },
      "attrs": [],
      "properties": {
        "order": 128,
        "ligatures": "phone_locked",
        "id": 568,
        "prevSize": 24,
        "code": 58910,
        "name": "phone_locked"
      },
      "setIdx": 0,
      "setId": 2,
      "iconIdx": 568
    },
    {
      "icon": {
        "paths": [
          "M1012 712c8 8 12 18 12 30s-4 22-12 30l-106 106c-8 8-18 12-30 12s-22-4-30-12c-34-32-72-60-114-80-14-6-24-22-24-38v-132c-62-20-128-30-196-30s-134 10-196 30v132c0 18-10 34-24 40-42 20-80 46-114 78-8 8-18 12-30 12s-22-4-30-12l-106-106c-8-8-12-18-12-30s4-22 12-30c130-124 306-200 500-200s370 76 500 200zM278 234v150h-64v-256h256v64h-150l192 192 256-256 42 42-298 300z"
        ],
        "attrs": [],
        "isMulticolor": false,
        "isMulticolor2": false,
        "tags": [
          "phone_missed"
        ],
        "defaultCode": 58911,
        "grid": 24
      },
      "attrs": [],
      "properties": {
        "order": 129,
        "ligatures": "phone_missed",
        "id": 569,
        "prevSize": 24,
        "code": 58911,
        "name": "phone_missed"
      },
      "setIdx": 0,
      "setId": 2,
      "iconIdx": 569
    },
    {
      "icon": {
        "paths": [
          "M810 128h86v298h-86v-298zM854 662c24 0 42 18 42 42v150c0 24-18 42-42 42-400 0-726-326-726-726 0-24 18-42 42-42h150c24 0 42 18 42 42 0 54 8 104 24 152 4 14 2 32-10 44l-94 94c62 122 162 220 282 282l94-94c12-12 30-14 44-10 48 16 98 24 152 24zM726 128v298h-86v-298h86z"
        ],
        "attrs": [],
        "isMulticolor": false,
        "isMulticolor2": false,
        "tags": [
          "phone_paused"
        ],
        "defaultCode": 58912,
        "grid": 24
      },
      "attrs": [],
      "properties": {
        "order": 130,
        "ligatures": "phone_paused",
        "id": 570,
        "prevSize": 24,
        "code": 58912,
        "name": "phone_paused"
      },
      "setIdx": 0,
      "setId": 2,
      "iconIdx": 570
    },
    {
      "icon": {
        "paths": [
          "M342 214l468 298-468 298v-596z"
        ],
        "attrs": [],
        "isMulticolor": false,
        "isMulticolor2": false,
        "tags": [
          "play_arrow"
        ],
        "defaultCode": 57399,
        "grid": 24
      },
      "attrs": [],
      "properties": {
        "order": 20,
        "ligatures": "play_arrow",
        "id": 587,
        "prevSize": 24,
        "code": 57399,
        "name": "play"
      },
      "setIdx": 0,
      "setId": 2,
      "iconIdx": 587
    },
    {
      "icon": {
        "paths": [
          "M86 682v-84h340v84h-340zM768 598h170v84h-170v172h-86v-172h-170v-84h170v-172h86v172zM598 256v86h-512v-86h512zM598 426v86h-512v-86h512z"
        ],
        "attrs": [],
        "isMulticolor": false,
        "isMulticolor2": false,
        "tags": [
          "playlist_add"
        ],
        "defaultCode": 57403,
        "grid": 24
      },
      "attrs": [],
      "properties": {
        "order": 64,
        "ligatures": "playlist_add",
        "id": 591,
        "prevSize": 24,
        "code": 57403,
        "name": "playlist_add"
      },
      "setIdx": 0,
      "setId": 2,
      "iconIdx": 591
    },
    {
      "icon": {
        "paths": [
          "M918 490l64 64-298 300-194-192 64-64 130 128zM86 682v-84h340v84h-340zM598 256v86h-512v-86h512zM598 426v86h-512v-86h512z"
        ],
        "attrs": [],
        "isMulticolor": false,
        "isMulticolor2": false,
        "tags": [
          "playlist_add_check"
        ],
        "defaultCode": 57445,
        "grid": 24
      },
      "attrs": [],
      "properties": {
        "order": 65,
        "ligatures": "playlist_add_check",
        "id": 592,
        "prevSize": 24,
        "code": 57445,
        "name": "playlist_check"
      },
      "setIdx": 0,
      "setId": 2,
      "iconIdx": 592
    },
    {
      "icon": {
        "paths": [
          "M726 554l212 128-212 128v-256zM86 640v-86h554v86h-554zM810 214v84h-724v-84h724zM810 384v86h-724v-86h724z"
        ],
        "attrs": [],
        "isMulticolor": false,
        "isMulticolor2": false,
        "tags": [
          "playlist_play"
        ],
        "defaultCode": 57439,
        "grid": 24
      },
      "attrs": [],
      "properties": {
        "order": 66,
        "ligatures": "playlist_play",
        "id": 593,
        "prevSize": 24,
        "code": 57439,
        "name": "playlist_play"
      },
      "setIdx": 0,
      "setId": 2,
      "iconIdx": 593
    },
    {
      "icon": {
        "paths": [
          "M810 810v-596h-596v596h596zM810 128c46 0 86 40 86 86v596c0 46-40 86-86 86h-596c-46 0-86-40-86-86v-596c0-46 40-86 86-86h596zM704 694v32h-384v-32c0-64 128-96 192-96s192 32 192 96zM512 522c-52 0-96-44-96-96s44-96 96-96 96 44 96 96-44 96-96 96z"
        ],
        "attrs": [],
        "isMulticolor": false,
        "isMulticolor2": false,
        "tags": [
          "portrait"
        ],
        "defaultCode": 58390,
        "grid": 24
      },
      "attrs": [],
      "properties": {
        "order": 131,
        "ligatures": "portrait",
        "id": 598,
        "prevSize": 24,
        "code": 58390,
        "name": "portrait"
      },
      "setIdx": 0,
      "setId": 2,
      "iconIdx": 598
    },
    {
      "icon": {
        "paths": [
          "M760 220c82 70 136 176 136 292 0 212-172 384-384 384s-384-172-384-384c0-116 54-222 136-292l60 60c-66 54-110 138-110 232 0 166 132 298 298 298s298-132 298-298c0-94-42-176-110-230zM554 128v426h-84v-426h84z"
        ],
        "attrs": [],
        "isMulticolor": false,
        "isMulticolor2": false,
        "tags": [
          "power_settings_new"
        ],
        "defaultCode": 59564,
        "grid": 24
      },
      "attrs": [],
      "properties": {
        "order": 48,
        "ligatures": "power_settings_new",
        "id": 601,
        "prevSize": 24,
        "code": 59564,
        "name": "power"
      },
      "setIdx": 0,
      "setId": 2,
      "iconIdx": 601
    },
    {
      "icon": {
        "paths": [
          "M764 742c56-60 90-142 90-230 0-142-88-266-214-316v18c0 46-40 84-86 84h-84v86c0 24-20 42-44 42h-84v86h256c24 0 42 18 42 42v128h42c38 0 70 26 82 60zM470 850v-82c-46 0-86-40-86-86v-42l-204-204c-6 24-10 50-10 76 0 174 132 318 300 338zM512 86c236 0 426 190 426 426s-190 426-426 426-426-190-426-426 190-426 426-426z"
        ],
        "attrs": [],
        "isMulticolor": false,
        "isMulticolor2": false,
        "tags": [
          "public"
        ],
        "defaultCode": 59403,
        "grid": 24
      },
      "attrs": [],
      "properties": {
        "order": 103,
        "ligatures": "public",
        "id": 605,
        "prevSize": 24,
        "code": 59403,
        "name": "globe"
      },
      "setIdx": 0,
      "setId": 2,
      "iconIdx": 605
    },
    {
      "icon": {
        "paths": [
          "M534 726v-32c0-64-128-96-192-96s-192 32-192 96v32h384zM342 330c-52 0-96 44-96 96s44 96 96 96 96-44 96-96-44-96-96-96zM598 214c24 0 42 18 42 42v512c0 24-18 42-42 42h-512c-24 0-44-18-44-42v-512c0-24 20-42 44-42h512zM726 810v-596h84v596h-84zM896 214h86v596h-86v-596z"
        ],
        "attrs": [],
        "isMulticolor": false,
        "isMulticolor2": false,
        "tags": [
          "recent_actors"
        ],
        "defaultCode": 57407,
        "grid": 24
      },
      "attrs": [],
      "properties": {
        "order": 132,
        "ligatures": "recent_actors",
        "id": 613,
        "prevSize": 24,
        "code": 57407,
        "name": "recent_actors"
      },
      "setIdx": 0,
      "setId": 2,
      "iconIdx": 613
    },
    {
      "icon": {
        "paths": [
          "M856 86c166 172 166 430 0 596l-70-68c118-136 118-332 0-460zM716 228c86 94 86 224 0 310l-72-72c36-50 36-116 0-166zM384 640c114 0 342 56 342 170v86h-684v-86c0-114 228-170 342-170zM214 384c0-94 76-170 170-170s170 76 170 170-76 170-170 170-170-76-170-170z"
        ],
        "attrs": [],
        "isMulticolor": false,
        "isMulticolor2": false,
        "tags": [
          "record_voice_over"
        ],
        "defaultCode": 59679,
        "grid": 24
      },
      "attrs": [],
      "properties": {
        "order": 133,
        "ligatures": "record_voice_over",
        "id": 614,
        "prevSize": 24,
        "code": 59679,
        "name": "record_voice_over"
      },
      "setIdx": 0,
      "setId": 2,
      "iconIdx": 614
    },
    {
      "icon": {
        "paths": [
          "M512 384c70 0 128 58 128 128s-58 128-128 128-128-58-128-128 58-128 128-128zM512 726c118 0 214-96 214-214s-96-214-214-214-214 96-214 214 96 214 214 214zM512 192c214 0 396 132 470 320-74 188-256 320-470 320s-396-132-470-320c74-188 256-320 470-320z"
        ],
        "attrs": [],
        "isMulticolor": false,
        "isMulticolor2": false,
        "tags": [
          "visibility"
        ],
        "defaultCode": 59636,
        "grid": 24
      },
      "attrs": [],
      "properties": {
        "order": 67,
        "ligatures": "remove_red_eye, visibility",
        "id": 620,
        "prevSize": 24,
        "code": 59636,
        "name": "visibility"
      },
      "setIdx": 0,
      "setId": 2,
      "iconIdx": 620
    },
    {
      "icon": {
        "paths": [
          "M554 554v-256h-84v256h84zM512 738c30 0 56-26 56-56s-26-54-56-54-56 24-56 54 26 56 56 56zM672 128l224 224v320l-224 224h-320l-224-224v-320l224-224h320z"
        ],
        "attrs": [],
        "isMulticolor": false,
        "isMulticolor2": false,
        "tags": [
          "report"
        ],
        "defaultCode": 57696,
        "grid": 24
      },
      "attrs": [],
      "properties": {
        "order": 100,
        "ligatures": "report",
        "id": 631,
        "prevSize": 24,
        "code": 57696,
        "name": "report"
      },
      "setIdx": 0,
      "setId": 2,
      "iconIdx": 631
    },
    {
      "icon": {
        "paths": [
          "M554 598v-172h-84v172h84zM554 768v-86h-84v86h84zM42 896l470-810 470 810h-940z"
        ],
        "attrs": [],
        "isMulticolor": false,
        "isMulticolor2": false,
        "tags": [
          "warning"
        ],
        "defaultCode": 57346,
        "grid": 24
      },
      "attrs": [],
      "properties": {
        "order": 101,
        "ligatures": "report_problem, warning",
        "id": 632,
        "prevSize": 24,
        "code": 57346,
        "name": "warning"
      },
      "setIdx": 0,
      "setId": 2,
      "iconIdx": 632
    },
    {
      "icon": {
        "paths": [
          "M274 418c0 0-148-148-152-150l60-62 152 152zM554 86v212h-84v-212h84zM902 268c-4 2-152 150-152 150l-60-60 152-152zM1012 712c8 8 12 18 12 30s-4 22-12 30l-106 106c-8 8-18 12-30 12s-22-4-30-12c-34-32-72-60-114-80-14-6-24-22-24-38v-132c-62-20-128-30-196-30s-134 10-196 30v132c0 18-10 34-24 40-42 20-80 46-114 78-8 8-18 12-30 12s-22-4-30-12l-106-106c-8-8-12-18-12-30s4-22 12-30c130-124 306-200 500-200s370 76 500 200z"
        ],
        "attrs": [],
        "isMulticolor": false,
        "isMulticolor2": false,
        "tags": [
          "ring_volume"
        ],
        "defaultCode": 57553,
        "grid": 24
      },
      "attrs": [],
      "properties": {
        "order": 70,
        "ligatures": "ring_volume",
        "id": 635,
        "prevSize": 24,
        "code": 57553,
        "name": "ring"
      },
      "setIdx": 0,
      "setId": 2,
      "iconIdx": 635
    },
    {
      "icon": {
        "paths": [
          "M512 128l470 256v342h-86v-296l-384 210-470-256zM214 562l298 164 298-164v172l-298 162-298-162v-172z"
        ],
        "attrs": [],
        "isMulticolor": false,
        "isMulticolor2": false,
        "tags": [
          "school"
        ],
        "defaultCode": 59404,
        "grid": 24
      },
      "attrs": [],
      "properties": {
        "order": 99,
        "ligatures": "school",
        "id": 648,
        "prevSize": 24,
        "code": 59404,
        "name": "school"
      },
      "setIdx": 0,
      "setId": 2,
      "iconIdx": 648
    },
    {
      "icon": {
        "paths": [
          "M406 598c106 0 192-86 192-192s-86-192-192-192-192 86-192 192 86 192 192 192zM662 598l212 212-64 64-212-212v-34l-12-12c-48 42-112 66-180 66-154 0-278-122-278-276s124-278 278-278 276 124 276 278c0 68-24 132-66 180l12 12h34z"
        ],
        "attrs": [],
        "isMulticolor": false,
        "isMulticolor2": false,
        "tags": [
          "search"
        ],
        "defaultCode": 59574,
        "grid": 24
      },
      "attrs": [],
      "properties": {
        "order": 68,
        "ligatures": "search",
        "id": 655,
        "prevSize": 24,
        "code": 59574,
        "name": "search"
      },
      "setIdx": 0,
      "setId": 2,
      "iconIdx": 655
    },
    {
      "icon": {
        "paths": [
          "M512 42l384 172v256c0 236-164 458-384 512-220-54-384-276-384-512v-256zM512 512v382c158-50 276-206 298-382h-298zM512 512v-376l-298 132v244h298z"
        ],
        "attrs": [],
        "isMulticolor": false,
        "isMulticolor2": false,
        "tags": [
          "security"
        ],
        "defaultCode": 58154,
        "grid": 24
      },
      "attrs": [],
      "properties": {
        "order": 69,
        "ligatures": "security",
        "id": 656,
        "prevSize": 24,
        "code": 58154,
        "name": "security"
      },
      "setIdx": 0,
      "setId": 2,
      "iconIdx": 656
    },
    {
      "icon": {
        "paths": [
          "M86 896v-298l640-86-640-86v-298l896 384z"
        ],
        "attrs": [],
        "isMulticolor": false,
        "isMulticolor2": false,
        "tags": [
          "send"
        ],
        "defaultCode": 57699,
        "grid": 24
      },
      "attrs": [],
      "properties": {
        "order": 72,
        "ligatures": "send",
        "id": 658,
        "prevSize": 24,
        "code": 57699,
        "name": "send"
      },
      "setIdx": 0,
      "setId": 2,
      "iconIdx": 658
    },
    {
      "icon": {
        "paths": [
          "M512 662c82 0 150-68 150-150s-68-150-150-150-150 68-150 150 68 150 150 150zM830 554l90 70c8 6 10 18 4 28l-86 148c-6 10-16 12-26 8l-106-42c-22 16-46 32-72 42l-16 112c-2 10-10 18-20 18h-172c-10 0-18-8-20-18l-16-112c-26-10-50-24-72-42l-106 42c-10 4-20 2-26-8l-86-148c-6-10-4-22 4-28l90-70c-2-14-2-28-2-42s0-28 2-42l-90-70c-8-6-10-18-4-28l86-148c6-10 16-12 26-8l106 42c22-16 46-32 72-42l16-112c2-10 10-18 20-18h172c10 0 18 8 20 18l16 112c26 10 50 24 72 42l106-42c10-4 20-2 26 8l86 148c6 10 4 22-4 28l-90 70c2 14 2 28 2 42s0 28-2 42z"
        ],
        "attrs": [],
        "isMulticolor": false,
        "isMulticolor2": false,
        "tags": [
          "settings"
        ],
        "defaultCode": 59576,
        "grid": 24
      },
      "attrs": [],
      "properties": {
        "order": 49,
        "ligatures": "settings",
        "id": 664,
        "prevSize": 24,
        "code": 59576,
        "name": "settings"
      },
      "setIdx": 0,
      "setId": 2,
      "iconIdx": 664
    },
    {
      "icon": {
        "paths": [
          "M512 128c212 0 384 172 384 384s-172 384-384 384c-88 0-170-30-234-80l60-60c50 34 110 54 174 54 166 0 298-132 298-298s-132-298-298-298-298 132-298 298h128l-172 170-170-170h128c0-212 172-384 384-384zM598 512c0 46-40 86-86 86s-86-40-86-86 40-86 86-86 86 40 86 86z"
        ],
        "attrs": [],
        "isMulticolor": false,
        "isMulticolor2": false,
        "tags": [
          "settings_backup_restore"
        ],
        "defaultCode": 59578,
        "grid": 24
      },
      "attrs": [],
      "properties": {
        "order": 80,
        "ligatures": "settings_backup_restore",
        "id": 666,
        "prevSize": 24,
        "code": 59578,
        "name": "restore2"
      },
      "setIdx": 0,
      "setId": 2,
      "iconIdx": 666
    },
    {
      "icon": {
        "paths": [
          "M758 234l232 278-232 278-66-54 186-224-186-224zM470 554v-84h84v84h-84zM726 470v84h-86v-84h86zM298 554v-84h86v84h-86zM332 288l-186 224 186 224-66 54-232-278 232-278z"
        ],
        "attrs": [],
        "isMulticolor": false,
        "isMulticolor2": false,
        "tags": [
          "settings_ethernet"
        ],
        "defaultCode": 59582,
        "grid": 24
      },
      "attrs": [],
      "properties": {
        "order": 98,
        "ligatures": "settings_ethernet",
        "id": 670,
        "prevSize": 24,
        "code": 59582,
        "name": "settings_ethernet"
      },
      "setIdx": 0,
      "setId": 2,
      "iconIdx": 670
    },
    {
      "icon": {
        "paths": [
          "M768 686c68 0 124 56 124 124s-56 126-124 126-124-58-124-126c0-10 0-20 2-28l-302-176c-24 22-54 34-88 34-70 0-128-58-128-128s58-128 128-128c34 0 64 12 88 34l300-174c-2-10-4-20-4-30 0-70 58-128 128-128s128 58 128 128-58 128-128 128c-34 0-64-14-88-36l-300 176c2 10 4 20 4 30s-2 20-4 30l304 176c22-20 52-32 84-32z"
        ],
        "attrs": [],
        "isMulticolor": false,
        "isMulticolor2": false,
        "tags": [
          "share"
        ],
        "defaultCode": 59405,
        "grid": 24
      },
      "attrs": [],
      "properties": {
        "order": 9,
        "ligatures": "share",
        "id": 681,
        "prevSize": 24,
        "code": 59405,
        "name": "share"
      },
      "setIdx": 0,
      "setId": 2,
      "iconIdx": 681
    },
    {
      "icon": {
        "paths": [
          "M384 768l320-214-320-170v384zM426 170v86h172v-86h-172zM682 256h256v554c0 48-36 86-84 86h-684c-48 0-84-38-84-86v-554h256v-86c0-48 36-84 84-84h172c48 0 84 36 84 84v86z"
        ],
        "attrs": [],
        "isMulticolor": false,
        "isMulticolor2": false,
        "tags": [
          "shop"
        ],
        "defaultCode": 59593,
        "grid": 24
      },
      "attrs": [],
      "properties": {
        "order": 11,
        "ligatures": "shop",
        "id": 682,
        "prevSize": 24,
        "code": 59593,
        "name": "shop"
      },
      "setIdx": 0,
      "setId": 2,
      "iconIdx": 682
    },
    {
      "icon": {
        "paths": [
          "M512 726c46 0 86-40 86-86s-40-86-86-86-86 40-86 86 40 86 86 86zM384 384h256l-128-188zM734 384h204c24 0 44 18 44 42-34.625 138.041-73.705 271.628-110 408-10 36-42 62-82 62h-556c-40 0-72-26-82-62l-108-396c-2-4-2-8-2-12 0-24 20-42 44-42h204l186-280c8-12 22-18 36-18s28 6 36 18z"
        ],
        "attrs": [],
        "isMulticolor": false,
        "isMulticolor2": false,
        "tags": [
          "shopping_basket"
        ],
        "defaultCode": 59595,
        "grid": 24
      },
      "attrs": [],
      "properties": {
        "order": 79,
        "ligatures": "shopping_basket",
        "id": 684,
        "prevSize": 24,
        "code": 59595,
        "name": "shopping_basket"
      },
      "setIdx": 0,
      "setId": 2,
      "iconIdx": 684
    },
    {
      "icon": {
        "paths": [
          "M726 640v-170h-86v170h86zM554 554v-84h-84v84h84zM554 810v-170h-84v170h84zM384 640v-170h-86v170h86zM726 810v-84h-86v84h86zM384 810v-84h-86v84h86zM852 170l2 684c0 46-40 84-86 84h-512c-46 0-86-38-86-84v-512l256-256h342c46 0 84 38 84 84z"
        ],
        "attrs": [],
        "isMulticolor": false,
        "isMulticolor2": false,
        "tags": [
          "sim_card"
        ],
        "defaultCode": 58155,
        "grid": 24
      },
      "attrs": [],
      "properties": {
        "order": 135,
        "ligatures": "sim_card",
        "id": 695,
        "prevSize": 24,
        "code": 58155,
        "name": "sim_card"
      },
      "setIdx": 0,
      "setId": 2,
      "iconIdx": 695
    },
    {
      "icon": {
        "paths": [
          "M554 554v-212h-84v212h84zM554 726v-86h-84v86h84zM768 86c46 0 86 38 86 84v684c0 46-40 84-86 84h-512c-46 0-86-38-86-84l2-512 254-256h342z"
        ],
        "attrs": [],
        "isMulticolor": false,
        "isMulticolor2": false,
        "tags": [
          "sim_card_alert"
        ],
        "defaultCode": 58916,
        "grid": 24
      },
      "attrs": [],
      "properties": {
        "order": 134,
        "ligatures": "sim_card_alert",
        "id": 696,
        "prevSize": 24,
        "code": 58916,
        "name": "sim_card_alert"
      },
      "setIdx": 0,
      "setId": 2,
      "iconIdx": 696
    },
    {
      "icon": {
        "paths": [
          "M512 658l160 96-42-182 142-124-188-16-72-172-72 172-188 16 142 124-42 182zM938 394l-232 202 70 300-264-160-264 160 70-300-232-202 306-26 120-282 120 282z"
        ],
        "attrs": [],
        "isMulticolor": false,
        "isMulticolor2": false,
        "tags": [
          "star_border"
        ],
        "defaultCode": 59450,
        "grid": 24
      },
      "attrs": [],
      "properties": {
        "order": 97,
        "ligatures": "star_border",
        "id": 716,
        "prevSize": 24,
        "code": 59450,
        "name": "star"
      },
      "setIdx": 0,
      "setId": 2,
      "iconIdx": 716
    },
    {
      "icon": {
        "paths": [
          "M256 256h512v512h-512v-512z"
        ],
        "attrs": [],
        "isMulticolor": false,
        "isMulticolor2": false,
        "tags": [
          "stop"
        ],
        "defaultCode": 57415,
        "grid": 24
      },
      "attrs": [],
      "properties": {
        "order": 146,
        "ligatures": "stop",
        "id": 720,
        "prevSize": 24,
        "code": 57415,
        "name": "stop"
      },
      "setIdx": 0,
      "setId": 2,
      "iconIdx": 720
    },
    {
      "icon": {
        "paths": [
          "M810 128h172v512h-172v-512zM640 128c46 0 86 40 86 86v426c0 24-10 44-26 60l-280 282-46-46c-12-12-18-26-18-44v-14l42-196h-270c-46 0-86-38-86-84l2-4h-2v-82c0-12 2-22 6-32l130-300c12-30 42-52 78-52h384z"
        ],
        "attrs": [],
        "isMulticolor": false,
        "isMulticolor2": false,
        "tags": [
          "thumb_down"
        ],
        "defaultCode": 59611,
        "grid": 24
      },
      "attrs": [],
      "properties": {
        "order": 93,
        "ligatures": "thumb_down",
        "id": 755,
        "prevSize": 24,
        "code": 59611,
        "name": "thumb_down"
      },
      "setIdx": 0,
      "setId": 2,
      "iconIdx": 755
    },
    {
      "icon": {
        "paths": [
          "M982 426l-2 4h2v82c0 12-2 22-6 32l-130 300c-12 30-42 52-78 52h-384c-46 0-86-40-86-86v-426c0-24 10-44 26-60l280-282 46 46c12 12 18 26 18 44v14l-42 196h270c46 0 86 38 86 84zM42 896v-512h172v512h-172z"
        ],
        "attrs": [],
        "isMulticolor": false,
        "isMulticolor2": false,
        "tags": [
          "thumb_up"
        ],
        "defaultCode": 59612,
        "grid": 24
      },
      "attrs": [],
      "properties": {
        "order": 94,
        "ligatures": "thumb_up",
        "id": 756,
        "prevSize": 24,
        "code": 59612,
        "name": "thumb_up"
      },
      "setIdx": 0,
      "setId": 2,
      "iconIdx": 756
    },
    {
      "icon": {
        "paths": [
          "M960 426c36 0 64 28 64 64v278c0 18-6 34-18 46l-212 210-34-34c-8-8-14-20-14-34 9.903-48.764 20.016-97.317 30-146h-222c-24 0-42-18-42-42v-54c0-8 2-14 4-22l98-226c10-22 32-40 58-40h288zM512 256v54c0 8-2 14-4 22l-98 226c-10 22-32 40-58 40h-288c-36 0-64-28-64-64v-278c0-18 6-34 18-46l212-210 34 34c8 8 14 20 14 34-9.903 48.764-20.016 97.317-30 146h222c24 0 42 18 42 42z"
        ],
        "attrs": [],
        "isMulticolor": false,
        "isMulticolor2": false,
        "tags": [
          "thumbs_up_down"
        ],
        "defaultCode": 59613,
        "grid": 24
      },
      "attrs": [],
      "properties": {
        "order": 95,
        "ligatures": "thumbs_up_down",
        "id": 757,
        "prevSize": 24,
        "code": 59613,
        "name": "thumbs"
      },
      "setIdx": 0,
      "setId": 2,
      "iconIdx": 757
    },
    {
      "icon": {
        "paths": [
          "M298 426h214v214h-214v-214zM810 810v-468h-596v468h596zM810 128c46 0 86 40 86 86v596c0 46-40 86-86 86h-596c-48 0-86-40-86-86v-596c0-46 38-86 86-86h42v-86h86v86h340v-86h86v86h42z"
        ],
        "attrs": [],
        "isMulticolor": false,
        "isMulticolor2": false,
        "tags": [
          "today"
        ],
        "defaultCode": 59615,
        "grid": 24
      },
      "attrs": [],
      "properties": {
        "order": 136,
        "ligatures": "today",
        "id": 766,
        "prevSize": 24,
        "code": 59615,
        "name": "today"
      },
      "setIdx": 0,
      "setId": 2,
      "iconIdx": 766
    },
    {
      "icon": {
        "paths": [
          "M512 384c48 0 86-40 86-86 0-48-40-84-86-84-48 0-86 36-86 84 0 46 38 86 86 86zM512 598c48 0 86-40 86-86s-40-86-86-86c-48 0-86 40-86 86s38 86 86 86zM512 810c48 0 86-38 86-84s-40-86-86-86c-48 0-86 40-86 86s38 84 86 84zM854 426c0 80-54 146-128 166v48h128c0 80-54 144-128 164v50c0 24-20 42-44 42h-340c-24 0-44-18-44-42v-50c-74-20-128-84-128-164h128v-48c-74-20-128-86-128-166h128v-48c-74-20-128-84-128-164h128v-44c0-24 20-42 44-42h340c24 0 44 18 44 42v44h128c0 80-54 144-128 164v48h128z"
        ],
        "attrs": [],
        "isMulticolor": false,
        "isMulticolor2": false,
        "tags": [
          "traffic"
        ],
        "defaultCode": 58725,
        "grid": 24
      },
      "attrs": [],
      "properties": {
        "order": 74,
        "ligatures": "traffic",
        "id": 772,
        "prevSize": 24,
        "code": 58725,
        "name": "traffic"
      },
      "setIdx": 0,
      "setId": 2,
      "iconIdx": 772
    },
    {
      "icon": {
        "paths": [
          "M704 726c36 0 64-28 64-64s-28-64-64-64-64 28-64 64 28 64 64 64zM554 426h214v-170h-214v170zM470 426v-170h-214v170h214zM320 726c36 0 64-28 64-64s-28-64-64-64-64 28-64 64 28 64 64 64zM512 86c188 0 342 20 342 170v406c0 82-68 148-150 148l64 64v22h-86l-84-86h-162l-84 86h-96v-22l64-64c-82 0-150-66-150-148v-406c0-150 172-170 342-170z"
        ],
        "attrs": [],
        "isMulticolor": false,
        "isMulticolor2": false,
        "tags": [
          "train"
        ],
        "defaultCode": 58736,
        "grid": 24
      },
      "attrs": [],
      "properties": {
        "order": 78,
        "ligatures": "train",
        "id": 773,
        "prevSize": 24,
        "code": 58736,
        "name": "train"
      },
      "setIdx": 0,
      "setId": 2,
      "iconIdx": 773
    },
    {
      "icon": {
        "paths": [
          "M640 384v-256h86v86h170v84h-170v86h-86zM896 554h-426v-84h426v84zM298 384h86v256h-86v-86h-170v-84h170v-86zM554 896h-84v-256h84v86h342v84h-342v86zM128 214h426v84h-426v-84zM128 726h256v84h-256v-84z"
        ],
        "attrs": [],
        "isMulticolor": false,
        "isMulticolor2": false,
        "tags": [
          "tune"
        ],
        "defaultCode": 58409,
        "grid": 24
      },
      "attrs": [],
      "properties": {
        "order": 137,
        "ligatures": "tune",
        "id": 781,
        "prevSize": 24,
        "code": 58409,
        "name": "tune"
      },
      "setIdx": 0,
      "setId": 2,
      "iconIdx": 781
    },
    {
      "icon": {
        "paths": [
          "M512 776l136-136 60 60-196 196-196-196 60-60zM512 248l-136 136-60-60 196-196 196 196-60 60z"
        ],
        "attrs": [],
        "isMulticolor": false,
        "isMulticolor2": false,
        "tags": [
          "unfold_more"
        ],
        "defaultCode": 58839,
        "grid": 24
      },
      "attrs": [],
      "properties": {
        "order": 50,
        "ligatures": "unfold_more",
        "id": 786,
        "prevSize": 24,
        "code": 58839,
        "name": "unfold"
      },
      "setIdx": 0,
      "setId": 2,
      "iconIdx": 786
    },
    {
      "icon": {
        "paths": [
          "M534 342v180l148 90-30 52-182-110v-212h64zM896 432h-290l118-120c-116-116-306-120-422-4s-116 300 0 416 306 116 422 0c58-58 86-124 86-208h86c0 84-36 194-112 268-150 148-394 148-544 0s-150-388 0-536 390-148 540 0l116-120v304z"
        ],
        "attrs": [],
        "isMulticolor": false,
        "isMulticolor2": false,
        "tags": [
          "update"
        ],
        "defaultCode": 59683,
        "grid": 24
      },
      "attrs": [],
      "properties": {
        "order": 75,
        "ligatures": "update",
        "id": 787,
        "prevSize": 24,
        "code": 59683,
        "name": "update"
      },
      "setIdx": 0,
      "setId": 2,
      "iconIdx": 787
    },
    {
      "icon": {
        "paths": [
          "M426 726l342-342-60-60-282 280-110-110-60 60zM512 42l384 172v256c0 236-164 458-384 512-220-54-384-276-384-512v-256z"
        ],
        "attrs": [],
        "isMulticolor": false,
        "isMulticolor2": false,
        "tags": [
          "verified_user"
        ],
        "defaultCode": 59624,
        "grid": 24
      },
      "attrs": [],
      "properties": {
        "order": 52,
        "ligatures": "verified_user",
        "id": 789,
        "prevSize": 24,
        "code": 59624,
        "name": "verified"
      },
      "setIdx": 0,
      "setId": 2,
      "iconIdx": 789
    },
    {
      "icon": {
        "paths": [
          "M512 170v180l-90-90zM182 128l714 714-54 54-88-88c-46 36-98 64-156 78v-88c36-10 68-28 96-50l-182-182v288l-214-214h-170v-256h202l-202-202zM810 512c0-136-88-250-212-286v-88c172 38 298 192 298 374 0 64-16 126-44 178l-64-66c14-34 22-72 22-112zM704 512c0 10 0 18-2 26l-104-104v-94c64 32 106 96 106 172z"
        ],
        "attrs": [],
        "isMulticolor": false,
        "isMulticolor2": false,
        "tags": [
          "volume_off"
        ],
        "defaultCode": 57423,
        "grid": 24
      },
      "attrs": [],
      "properties": {
        "order": 138,
        "ligatures": "volume_off",
        "id": 819,
        "prevSize": 24,
        "code": 57423,
        "name": "volume_off"
      },
      "setIdx": 0,
      "setId": 2,
      "iconIdx": 819
    },
    {
      "icon": {
        "paths": [
          "M598 138c172 38 298 192 298 374s-126 336-298 374v-88c124-36 212-150 212-286s-88-250-212-286v-88zM704 512c0 76-42 140-106 172v-344c64 32 106 96 106 172zM128 384h170l214-214v684l-214-214h-170v-256z"
        ],
        "attrs": [],
        "isMulticolor": false,
        "isMulticolor2": false,
        "tags": [
          "volume_up"
        ],
        "defaultCode": 57424,
        "grid": 24
      },
      "attrs": [],
      "properties": {
        "order": 139,
        "ligatures": "volume_up",
        "id": 820,
        "prevSize": 24,
        "code": 57424,
        "name": "volume_up"
      },
      "setIdx": 0,
      "setId": 2,
      "iconIdx": 820
    },
    {
      "icon": {
        "paths": [
          "M298 598c46 0 86-40 86-86s-40-86-86-86-84 40-84 86 38 86 84 86zM540 426h442v172h-86v170h-170v-170h-186c-34 100-130 170-242 170-142 0-256-114-256-256s114-256 256-256c112 0 208 70 242 170z"
        ],
        "attrs": [],
        "isMulticolor": false,
        "isMulticolor2": false,
        "tags": [
          "vpn_key"
        ],
        "defaultCode": 57562,
        "grid": 24
      },
      "attrs": [],
      "properties": {
        "order": 15,
        "ligatures": "vpn_key",
        "id": 821,
        "prevSize": 24,
        "code": 57562,
        "name": "key"
      },
      "setIdx": 0,
      "setId": 2,
      "iconIdx": 821
    },
    {
      "icon": {
        "paths": [
          "M426 894v-84c-46 0-84-38-84-84v-44l-206-204c-6 24-8 50-8 76 0 174 130 320 298 340zM808 512h86c2 14 2 28 2 42 0 236-190 428-426 428s-428-192-428-428 192-426 428-426c44 0 88 8 128 20v108c0 46-40 86-86 86h-86v84c0 24-18 44-42 44h-86v84h256c24 0 44 20 44 44v128h42c38 0 70 24 82 58 56-60 88-142 88-230 0-14 0-28-2-42zM904 170v-20c0-40-32-74-72-74s-72 34-72 74v20h144zM938 170c24 0 44 20 44 44v170c0 24-20 42-44 42h-212c-24 0-44-18-44-42v-170c0-24 20-44 44-44v-20c0-58 48-108 106-108s106 50 106 108v20z"
        ],
        "attrs": [],
        "isMulticolor": false,
        "isMulticolor2": false,
        "tags": [
          "vpn_lock"
        ],
        "defaultCode": 58927,
        "grid": 24
      },
      "attrs": [],
      "properties": {
        "order": 51,
        "ligatures": "vpn_lock",
        "id": 822,
        "prevSize": 24,
        "code": 58927,
        "name": "globe_lock"
      },
      "setIdx": 0,
      "setId": 2,
      "iconIdx": 822
    },
    {
      "icon": {
        "paths": [
          "M704 256c-48 0-86-38-86-86s38-84 86-84 86 36 86 84-38 86-86 86zM320 256c-48 0-86-38-86-86s38-84 86-84 86 36 86 84-38 86-86 86zM768 938h-128v-256h-128l108-324c12-34 46-60 82-60h4c36 0 70 26 82 60l108 324h-128v256zM234 938v-320h-64v-234c0-46 40-86 86-86h128c46 0 86 40 86 86v234h-64v320h-172z"
        ],
        "attrs": [],
        "isMulticolor": false,
        "isMulticolor2": false,
        "tags": [
          "wc"
        ],
        "defaultCode": 58941,
        "grid": 24
      },
      "attrs": [],
      "properties": {
        "order": 77,
        "ligatures": "wc",
        "id": 830,
        "prevSize": 24,
        "code": 58941,
        "name": "wc"
      },
      "setIdx": 0,
      "setId": 2,
      "iconIdx": 830
    },
    {
      "icon": {
        "paths": [
          "M726 598l212 212-62 64-214-214v-32l-12-12c-48 42-112 66-180 66-52 0-100-14-142-38l64-62c24 10 50 16 78 16 106 0 192-86 192-192s-86-192-192-192-192 86-192 192h148l-176 170-164-170h106c0-150 124-278 278-278s278 124 278 278c0 70-26 132-68 180l12 12h34z"
        ],
        "attrs": [],
        "isMulticolor": false,
        "isMulticolor2": false,
        "tags": [
          "youtube_searched_for"
        ],
        "defaultCode": 59642,
        "grid": 24
      },
      "attrs": [],
      "properties": {
        "order": 140,
        "ligatures": "youtube_searched_for",
        "id": 841,
        "prevSize": 24,
        "code": 59642,
        "name": "search_next"
      },
      "setIdx": 0,
      "setId": 2,
      "iconIdx": 841
    }
  ],
  "height": 1024,
  "metadata": {
    "name": "core-icons"
  },
  "preferences": {
    "showGlyphs": true,
    "showCodes": true,
    "showQuickUse": true,
    "showQuickUse2": true,
    "showSVGs": true,
    "fontPref": {
      "prefix": "i-",
      "metadata": {
        "fontFamily": "core-icons",
        "majorVersion": 1,
        "minorVersion": 0
      },
      "metrics": {
        "emSize": 1024,
        "baseline": 6.25,
        "whitespace": 50
      },
      "embed": false,
      "noie8": true,
      "ie7": false,
      "showSelector": true,
      "selector": "class",
      "classSelector": ".icon",
      "showMetrics": false,
      "autoHost": true
    },
    "imagePref": {
      "prefix": "icon-",
      "png": true,
      "useClassSelector": true,
      "color": 0,
      "bgColor": 16777215,
      "classSelector": ".icon"
    },
    "historySize": 100,
    "gridSize": 16,
    "quickUsageToken": {
      "CoreIcons": "NDZlZGVjZTUxNmI2MjhkMjMwOWUwYTBhN2M2MjkwYzgjMSMxNDc1MTU2OTUyIyMj"
    }
  }
}